都道府県,目的,地点数,客数
北海道,自然,99.0,1193.0
北海道,歴史・文化,152.0,3344.0
北海道,温泉・健康,139.0,3510.0
北海道,スポーツ・レク,261.0,4452.0
北海道,都市型観光,71.0,4055.0
北海道,イベント,38.0,7138.0
青森県,自然,47.0,116.0
青森県,歴史・文化,59.0,470.0
青森県,温泉・健康,44.0,753.0
青森県,スポーツ・レク,72.0,672.0
青森県,都市型観光,52.0,2110.0
青森県,イベント,8.0,722.0
岩手県,自然,33.0,604.0
岩手県,歴史・文化,57.0,575.0
岩手県,温泉・健康,74.0,1294.0
岩手県,スポーツ・レク,54.0,880.0
岩手県,都市型観光,21.0,471.0
岩手県,イベント,12.0,799.0
宮城県,自然,31.0,586.0
宮城県,歴史・文化,79.0,3128.0
宮城県,温泉・健康,35.0,1176.0
宮城県,スポーツ・レク,57.0,846.0
宮城県,都市型観光,44.0,1372.0
宮城県,イベント,17.0,630.0
秋田県,自然,30.0,123.0
秋田県,歴史・文化,48.0,236.0
秋田県,温泉・健康,67.0,1062.0
秋田県,スポーツ・レク,67.0,728.0
秋田県,都市型観光,20.0,153.0
秋田県,イベント,17.0,938.0
山形県,自然,35.0,236.0
山形県,歴史・文化,72.0,1165.0
山形県,温泉・健康,45.0,2027.0
山形県,スポーツ・レク,62.0,871.0
山形県,都市型観光,22.0,481.0
山形県,イベント,16.0,882.0
福島県,自然,49.0,310.0
福島県,歴史・文化,78.0,1536.0
福島県,温泉・健康,49.0,1467.0
福島県,スポーツ・レク,76.0,2257.0
福島県,都市型観光,17.0,682.0
福島県,イベント,13.0,653.0
茨城県,自然,15.0,1186.0
茨城県,歴史・文化,51.0,2357.0
茨城県,温泉・健康,13.0,388.0
茨城県,スポーツ・レク,52.0,1667.0
茨城県,都市型観光,11.0,1693.0
茨城県,イベント,20.0,2434.0
栃木県,自然,38.0,1096.0
栃木県,歴史・文化,85.0,3593.0
栃木県,温泉・健康,28.0,1279.0
栃木県,スポーツ・レク,122.0,2342.0
栃木県,都市型観光,14.0,2537.0
栃木県,イベント,14.0,467.0
群馬県,自然,46.0,740.0
群馬県,歴史・文化,78.0,2209.0
群馬県,温泉・健康,71.0,3476.0
群馬県,スポーツ・レク,94.0,2732.0
群馬県,都市型観光,25.0,1011.0
群馬県,イベント,26.0,831.0
埼玉県,自然,41.0,791.0
埼玉県,歴史・文化,142.0,5214.0
埼玉県,温泉・健康,30.0,1220.0
埼玉県,スポーツ・レク,160.0,2163.0
埼玉県,都市型観光,41.0,14146.0
埼玉県,イベント,73.0,6617.0
千葉県,自然,34.0,1244.0
千葉県,歴史・文化,139.0,10251.0
千葉県,温泉・健康,25.0,1155.0
千葉県,スポーツ・レク,296.0,13675.0
千葉県,都市型観光,24.0,4680.0
千葉県,イベント,51.0,4359.0
東京都,自然,6.0,400.0
東京都,歴史・文化,326.0,13491.0
東京都,温泉・健康,35.0,7342.0
東京都,スポーツ・レク,167.0,30399.0
東京都,都市型観光,86.0,183872.0
東京都,イベント,98.0,10540.0
神奈川県,自然,62.0,5034.0
神奈川県,歴史・文化,111.0,20707.0
神奈川県,温泉・健康,8.0,191.0
神奈川県,スポーツ・レク,81.0,6122.0
神奈川県,都市型観光,7.0,895.0
神奈川県,イベント,44.0,2835.0
新潟県,自然,76.0,427.0
新潟県,歴史・文化,155.0,1763.0
新潟県,温泉・健康,106.0,2341.0
新潟県,スポーツ・レク,252.0,4763.0
新潟県,都市型観光,62.0,2126.0
新潟県,イベント,59.0,2021.0
富山県,自然,24.0,222.0
富山県,歴史・文化,71.0,797.0
富山県,温泉・健康,19.0,623.0
富山県,スポーツ・レク,48.0,780.0
富山県,都市型観光,5.0,229.0
富山県,イベント,17.0,457.0
石川県,自然,21.0,222.0
石川県,歴史・文化,76.0,2534.0
石川県,温泉・健康,26.0,1477.0
石川県,スポーツ・レク,69.0,903.0
石川県,都市型観光,13.0,3415.0
石川県,イベント,11.0,424.0
山梨県,自然,17.0,453.0
山梨県,歴史・文化,92.0,1691.0
山梨県,温泉・健康,59.0,1216.0
山梨県,スポーツ・レク,89.0,1384.0
山梨県,都市型観光,31.0,584.0
山梨県,イベント,8.0,292.0
長野県,自然,64.0,1253.0
長野県,歴史・文化,76.0,2603.0
長野県,温泉・健康,87.0,3290.0
長野県,スポーツ・レク,99.0,4943.0
長野県,都市型観光,15.0,1487.0
長野県,イベント,14.0,1142.0
岐阜県,自然,37.0,307.0
岐阜県,歴史・文化,93.0,4496.0
岐阜県,温泉・健康,55.0,2680.0
岐阜県,スポーツ・レク,151.0,3377.0
岐阜県,都市型観光,23.0,2010.0
岐阜県,イベント,23.0,548.0
静岡県,自然,46.0,2483.0
静岡県,歴史・文化,187.0,7145.0
静岡県,温泉・健康,46.0,1078.0
静岡県,スポーツ・レク,273.0,4237.0
静岡県,都市型観光,38.0,4485.0
静岡県,イベント,74.0,4626.0
愛知県,自然,37.0,1139.0
愛知県,歴史・文化,143.0,18112.0
愛知県,温泉・健康,21.0,874.0
愛知県,スポーツ・レク,139.0,5416.0
愛知県,都市型観光,44.0,6951.0
愛知県,イベント,30.0,2120.0
三重県,自然,36.0,281.0
三重県,歴史・文化,69.0,8752.0
三重県,温泉・健康,29.0,1639.0
三重県,スポーツ・レク,134.0,5621.0
三重県,都市型観光,22.0,827.0
三重県,イベント,8.0,310.0
滋賀県,自然,24.0,160.0
滋賀県,歴史・文化,114.0,3711.0
滋賀県,温泉・健康,22.0,408.0
滋賀県,スポーツ・レク,109.0,1884.0
滋賀県,都市型観光,29.0,821.0
滋賀県,イベント,13.0,511.0
京都府,自然,18.0,138.0
京都府,歴史・文化,83.0,16424.0
京都府,温泉・健康,18.0,510.0
京都府,スポーツ・レク,73.0,1073.0
京都府,都市型観光,7.0,200.0
京都府,イベント,5.0,74.0
兵庫県,自然,87.0,666.0
兵庫県,歴史・文化,288.0,11803.0
兵庫県,温泉・健康,74.0,2122.0
兵庫県,スポーツ・レク,358.0,6473.0
兵庫県,都市型観光,43.0,3051.0
兵庫県,イベント,53.0,5233.0
奈良県,自然,25.0,378.0
奈良県,歴史・文化,92.0,7787.0
奈良県,温泉・健康,24.0,348.0
奈良県,スポーツ・レク,19.0,92.0
奈良県,都市型観光,5.0,121.0
奈良県,イベント,10.0,1359.0
和歌山県,自然,10.0,156.0
和歌山県,歴史・文化,38.0,4176.0
和歌山県,温泉・健康,16.0,329.0
和歌山県,スポーツ・レク,13.0,983.0
和歌山県,都市型観光,2.0,68.0
和歌山県,イベント,9.0,191.0
鳥取県,自然,11.0,247.0
鳥取県,歴史・文化,39.0,465.0
鳥取県,温泉・健康,19.0,542.0
鳥取県,スポーツ・レク,35.0,380.0
鳥取県,都市型観光,16.0,1154.0
鳥取県,イベント,5.0,153.0
島根県,自然,17.0,376.0
島根県,歴史・文化,69.0,3880.0
島根県,温泉・健康,24.0,646.0
島根県,スポーツ・レク,36.0,501.0
島根県,都市型観光,14.0,463.0
島根県,イベント,3.0,256.0
岡山県,自然,20.0,83.0
岡山県,歴史・文化,109.0,1091.0
岡山県,温泉・健康,33.0,669.0
岡山県,スポーツ・レク,79.0,1213.0
岡山県,都市型観光,37.0,772.0
岡山県,イベント,14.0,363.0
広島県,自然,7.0,256.0
広島県,歴史・文化,46.0,2867.0
広島県,温泉・健康,21.0,585.0
広島県,スポーツ・レク,36.0,1739.0
広島県,都市型観光,10.0,841.0
広島県,イベント,20.0,1681.0
山口県,自然,28.0,634.0
山口県,歴史・文化,71.0,1805.0
山口県,温泉・健康,31.0,970.0
山口県,スポーツ・レク,58.0,1048.0
山口県,都市型観光,4.0,548.0
山口県,イベント,15.0,810.0
徳島県,自然,20.0,213.0
徳島県,歴史・文化,50.0,1749.0
徳島県,温泉・健康,24.0,338.0
徳島県,スポーツ・レク,47.0,541.0
徳島県,都市型観光,30.0,943.0
徳島県,イベント,13.0,476.0
香川県,自然,9.0,232.0
香川県,歴史・文化,60.0,2912.0
香川県,温泉・健康,18.0,503.0
香川県,スポーツ・レク,51.0,1157.0
香川県,都市型観光,11.0,724.0
香川県,イベント,5.0,222.0
愛媛県,自然,44.0,289.0
愛媛県,歴史・文化,64.0,1239.0
愛媛県,温泉・健康,26.0,836.0
愛媛県,スポーツ・レク,37.0,553.0
愛媛県,都市型観光,29.0,245.0
愛媛県,イベント,6.0,59.0
高知県,自然,19.0,267.0
高知県,歴史・文化,29.0,477.0
高知県,温泉・健康,14.0,170.0
高知県,スポーツ・レク,25.0,246.0
高知県,都市型観光,23.0,1335.0
高知県,イベント,5.0,72.0
福岡県,自然,36.0,504.0
福岡県,歴史・文化,130.0,10234.0
福岡県,温泉・健康,35.0,1123.0
福岡県,スポーツ・レク,83.0,1817.0
福岡県,都市型観光,66.0,22721.0
福岡県,イベント,32.0,2882.0
佐賀県,自然,10.0,76.0
佐賀県,歴史・文化,31.0,2509.0
佐賀県,温泉・健康,17.0,602.0
佐賀県,スポーツ・レク,33.0,362.0
佐賀県,都市型観光,30.0,2558.0
佐賀県,イベント,14.0,501.0
長崎県,自然,13.0,180.0
長崎県,歴史・文化,50.0,1569.0
長崎県,温泉・健康,16.0,494.0
長崎県,スポーツ・レク,65.0,1506.0
長崎県,都市型観光,9.0,3048.0
長崎県,イベント,19.0,1594.0
熊本県,自然,25.0,425.0
熊本県,歴史・文化,88.0,2663.0
熊本県,温泉・健康,42.0,2314.0
熊本県,スポーツ・レク,102.0,1054.0
熊本県,都市型観光,54.0,2431.0
熊本県,イベント,23.0,1183.0
大分県,自然,47.0,369.0
大分県,歴史・文化,104.0,2477.0
大分県,温泉・健康,46.0,2238.0
大分県,スポーツ・レク,82.0,1422.0
大分県,都市型観光,11.0,159.0
大分県,イベント,20.0,2449.0
宮崎県,自然,18.0,497.0
宮崎県,歴史・文化,59.0,2891.0
宮崎県,温泉・健康,26.0,776.0
宮崎県,スポーツ・レク,86.0,1236.0
宮崎県,都市型観光,10.0,286.0
宮崎県,イベント,15.0,828.0
鹿児島県,自然,38.0,399.0
鹿児島県,歴史・文化,66.0,2780.0
鹿児島県,温泉・健康,48.0,784.0
鹿児島県,スポーツ・レク,99.0,1962.0
鹿児島県,都市型観光,41.0,1061.0
鹿児島県,イベント,25.0,1752.0
沖縄県,自然,29.0,1321.0
沖縄県,歴史・文化,31.0,2963.0
沖縄県,温泉・健康,3.0,78.0
沖縄県,スポーツ・レク,21.0,1799.0
沖縄県,都市型観光,5.0,807.0
沖縄県,イベント,15.0,1131.0
北海道,自然,92.0,3579.0
北海道,歴史・文化,138.0,6667.0
北海道,温泉・健康,120.0,3506.0
北海道,スポーツ・レク,222.0,4493.0
北海道,都市型観光,69.0,5730.0
北海道,イベント,54.0,5152.0
青森県,自然,47.0,864.0
青森県,歴史・文化,59.0,2054.0
青森県,温泉・健康,44.0,771.0
青森県,スポーツ・レク,72.0,1160.0
青森県,都市型観光,52.0,3497.0
青森県,イベント,29.0,3995.0
岩手県,自然,33.0,1226.0
岩手県,歴史・文化,57.0,895.0
岩手県,温泉・健康,74.0,1374.0
岩手県,スポーツ・レク,54.0,638.0
岩手県,都市型観光,23.0,876.0
岩手県,イベント,30.0,1593.0
宮城県,自然,31.0,1074.0
宮城県,歴史・文化,79.0,2226.0
宮城県,温泉・健康,36.0,1215.0
宮城県,スポーツ・レク,57.0,2044.0
宮城県,都市型観光,44.0,1759.0
宮城県,イベント,29.0,2729.0
秋田県,自然,30.0,1111.0
秋田県,歴史・文化,48.0,953.0
秋田県,温泉・健康,67.0,1192.0
秋田県,スポーツ・レク,67.0,990.0
秋田県,都市型観光,20.0,341.0
秋田県,イベント,38.0,2689.0
山形県,自然,39.0,1175.0
山形県,歴史・文化,78.0,2646.0
山形県,温泉・健康,49.0,2075.0
山形県,スポーツ・レク,68.0,1492.0
山形県,都市型観光,30.0,982.0
山形県,イベント,31.0,2775.0
福島県,自然,49.0,1912.0
福島県,歴史・文化,78.0,3300.0
福島県,温泉・健康,49.0,1490.0
福島県,スポーツ・レク,76.0,2216.0
福島県,都市型観光,17.0,967.0
福島県,イベント,10.0,458.0
茨城県,自然,15.0,1980.0
茨城県,歴史・文化,51.0,3231.0
茨城県,温泉・健康,13.0,362.0
茨城県,スポーツ・レク,52.0,3088.0
茨城県,都市型観光,11.0,2019.0
茨城県,イベント,26.0,1252.0
栃木県,自然,38.0,2007.0
栃木県,歴史・文化,88.0,4049.0
栃木県,温泉・健康,30.0,1740.0
栃木県,スポーツ・レク,128.0,3308.0
栃木県,都市型観光,14.0,2849.0
栃木県,イベント,29.0,1844.0
群馬県,自然,46.0,2069.0
群馬県,歴史・文化,78.0,2910.0
群馬県,温泉・健康,71.0,2969.0
群馬県,スポーツ・レク,94.0,3263.0
群馬県,都市型観光,25.0,1322.0
群馬県,イベント,34.0,1476.0
埼玉県,自然,41.0,2660.0
埼玉県,歴史・文化,142.0,4534.0
埼玉県,温泉・健康,30.0,1161.0
埼玉県,スポーツ・レク,160.0,3316.0
埼玉県,都市型観光,41.0,14022.0
埼玉県,イベント,131.0,7683.0
千葉県,自然,34.0,871.0
千葉県,歴史・文化,139.0,5361.0
千葉県,温泉・健康,25.0,1074.0
千葉県,スポーツ・レク,296.0,16146.0
千葉県,都市型観光,24.0,4939.0
千葉県,イベント,63.0,5286.0
東京都,自然,6.0,628.0
東京都,歴史・文化,326.0,18839.0
東京都,温泉・健康,35.0,5777.0
東京都,スポーツ・レク,167.0,33211.0
東京都,都市型観光,86.0,207439.0
東京都,イベント,98.0,11714.0
神奈川県,自然,62.0,6589.0
神奈川県,歴史・文化,111.0,10867.0
神奈川県,温泉・健康,8.0,225.0
神奈川県,スポーツ・レク,81.0,9119.0
神奈川県,都市型観光,7.0,948.0
神奈川県,イベント,74.0,9342.0
新潟県,自然,76.0,1291.0
新潟県,歴史・文化,155.0,2615.0
新潟県,温泉・健康,106.0,2129.0
新潟県,スポーツ・レク,252.0,2161.0
新潟県,都市型観光,62.0,4352.0
新潟県,イベント,107.0,5081.0
富山県,自然,24.0,942.0
富山県,歴史・文化,71.0,1455.0
富山県,温泉・健康,19.0,621.0
富山県,スポーツ・レク,48.0,1539.0
富山県,都市型観光,5.0,237.0
富山県,イベント,37.0,1685.0
石川県,自然,28.0,572.0
石川県,歴史・文化,100.0,3540.0
石川県,温泉・健康,26.0,1280.0
石川県,スポーツ・レク,74.0,1814.0
石川県,都市型観光,16.0,5231.0
石川県,イベント,22.0,1602.0
山梨県,自然,17.0,2047.0
山梨県,歴史・文化,92.0,2206.0
山梨県,温泉・健康,59.0,1357.0
山梨県,スポーツ・レク,89.0,2471.0
山梨県,都市型観光,31.0,1050.0
山梨県,イベント,28.0,907.0
長野県,自然,64.0,2023.0
長野県,歴史・文化,76.0,4777.0
長野県,温泉・健康,87.0,2929.0
長野県,スポーツ・レク,99.0,1789.0
長野県,都市型観光,15.0,2098.0
長野県,イベント,25.0,2193.0
岐阜県,自然,37.0,906.0
岐阜県,歴史・文化,93.0,3988.0
岐阜県,温泉・健康,55.0,2185.0
岐阜県,スポーツ・レク,151.0,3439.0
岐阜県,都市型観光,23.0,2349.0
岐阜県,イベント,63.0,2971.0
静岡県,自然,46.0,2868.0
静岡県,歴史・文化,187.0,5533.0
静岡県,温泉・健康,46.0,964.0
静岡県,スポーツ・レク,273.0,5620.0
静岡県,都市型観光,38.0,4813.0
静岡県,イベント,103.0,7271.0
愛知県,自然,37.0,1665.0
愛知県,歴史・文化,143.0,8913.0
愛知県,温泉・健康,21.0,885.0
愛知県,スポーツ・レク,139.0,8664.0
愛知県,都市型観光,44.0,6781.0
愛知県,イベント,69.0,7103.0
三重県,自然,36.0,712.0
三重県,歴史・文化,69.0,4342.0
三重県,温泉・健康,29.0,1480.0
三重県,スポーツ・レク,134.0,5505.0
三重県,都市型観光,22.0,890.0
三重県,イベント,18.0,583.0
滋賀県,自然,23.0,481.0
滋賀県,歴史・文化,110.0,2475.0
滋賀県,温泉・健康,22.0,377.0
滋賀県,スポーツ・レク,110.0,2634.0
滋賀県,都市型観光,29.0,1148.0
滋賀県,イベント,26.0,695.0
京都府,自然,18.0,503.0
京都府,歴史・文化,83.0,17876.0
京都府,温泉・健康,18.0,472.0
京都府,スポーツ・レク,73.0,2430.0
京都府,都市型観光,7.0,274.0
京都府,イベント,9.0,387.0
兵庫県,自然,89.0,1051.0
兵庫県,歴史・文化,290.0,7630.0
兵庫県,温泉・健康,74.0,1780.0
兵庫県,スポーツ・レク,361.0,9361.0
兵庫県,都市型観光,43.0,9413.0
兵庫県,イベント,78.0,5678.0
奈良県,自然,25.0,1288.0
奈良県,歴史・文化,92.0,6390.0
奈良県,温泉・健康,24.0,357.0
奈良県,スポーツ・レク,19.0,308.0
奈良県,都市型観光,5.0,175.0
奈良県,イベント,11.0,919.0
和歌山県,自然,6.0,67.0
和歌山県,歴史・文化,25.0,1029.0
和歌山県,温泉・健康,11.0,157.0
和歌山県,スポーツ・レク,37.0,1590.0
和歌山県,都市型観光,2.0,60.0
和歌山県,イベント,6.0,92.0
鳥取県,自然,11.0,474.0
鳥取県,歴史・文化,39.0,876.0
鳥取県,温泉・健康,19.0,489.0
鳥取県,スポーツ・レク,35.0,279.0
鳥取県,都市型観光,16.0,1521.0
鳥取県,イベント,9.0,208.0
島根県,自然,17.0,741.0
島根県,歴史・文化,69.0,3735.0
島根県,温泉・健康,24.0,538.0
島根県,スポーツ・レク,36.0,518.0
島根県,都市型観光,14.0,569.0
島根県,イベント,5.0,278.0
岡山県,自然,20.0,159.0
岡山県,歴史・文化,109.0,1357.0
岡山県,温泉・健康,33.0,625.0
岡山県,スポーツ・レク,80.0,1750.0
岡山県,都市型観光,37.0,1082.0
岡山県,イベント,22.0,996.0
広島県,自然,17.0,453.0
広島県,歴史・文化,67.0,3228.0
広島県,温泉・健康,26.0,587.0
広島県,スポーツ・レク,66.0,1996.0
広島県,都市型観光,14.0,1057.0
広島県,イベント,34.0,5518.0
山口県,自然,28.0,648.0
山口県,歴史・文化,71.0,1852.0
山口県,温泉・健康,31.0,872.0
山口県,スポーツ・レク,58.0,1457.0
山口県,都市型観光,4.0,520.0
山口県,イベント,39.0,1263.0
徳島県,自然,20.0,482.0
徳島県,歴史・文化,50.0,1420.0
徳島県,温泉・健康,24.0,318.0
徳島県,スポーツ・レク,47.0,762.0
徳島県,都市型観光,30.0,1057.0
徳島県,イベント,21.0,675.0
香川県,自然,9.0,346.0
香川県,歴史・文化,60.0,2468.0
香川県,温泉・健康,18.0,433.0
香川県,スポーツ・レク,51.0,1998.0
香川県,都市型観光,11.0,860.0
香川県,イベント,7.0,442.0
愛媛県,自然,44.0,680.0
愛媛県,歴史・文化,64.0,1535.0
愛媛県,温泉・健康,26.0,767.0
愛媛県,スポーツ・レク,37.0,733.0
愛媛県,都市型観光,29.0,347.0
愛媛県,イベント,17.0,524.0
高知県,自然,17.0,242.0
高知県,歴史・文化,27.0,585.0
高知県,温泉・健康,13.0,158.0
高知県,スポーツ・レク,25.0,331.0
高知県,都市型観光,21.0,1353.0
高知県,イベント,10.0,375.0
福岡県,自然,36.0,947.0
福岡県,歴史・文化,130.0,6400.0
福岡県,温泉・健康,35.0,998.0
福岡県,スポーツ・レク,83.0,2553.0
福岡県,都市型観光,66.0,23919.0
福岡県,イベント,37.0,2681.0
佐賀県,自然,9.0,109.0
佐賀県,歴史・文化,30.0,1103.0
佐賀県,温泉・健康,16.0,493.0
佐賀県,スポーツ・レク,31.0,450.0
佐賀県,都市型観光,25.0,2340.0
佐賀県,イベント,15.0,1561.0
長崎県,自然,16.0,267.814
長崎県,歴史・文化,62.0,2048.536
長崎県,温泉・健康,23.0,607.535
長崎県,スポーツ・レク,65.0,1809.4540000000002
長崎県,都市型観光,12.0,2863.708
長崎県,イベント,36.0,1381.018
熊本県,自然,25.0,912.0
熊本県,歴史・文化,88.0,2221.0
熊本県,温泉・健康,42.0,2394.0
熊本県,スポーツ・レク,102.0,1532.0
熊本県,都市型観光,54.0,2979.0
熊本県,イベント,29.0,1064.0
大分県,自然,47.0,649.0
大分県,歴史・文化,104.0,2323.0
大分県,温泉・健康,46.0,2389.0
大分県,スポーツ・レク,82.0,1836.0
大分県,都市型観光,11.0,192.0
大分県,イベント,31.0,1062.0
宮崎県,自然,18.0,563.0
宮崎県,歴史・文化,59.0,1603.0
宮崎県,温泉・健康,26.0,582.0
宮崎県,スポーツ・レク,86.0,1322.0
宮崎県,都市型観光,10.0,270.0
宮崎県,イベント,19.0,724.0
鹿児島県,自然,38.0,478.0
鹿児島県,歴史・文化,66.0,1770.0
鹿児島県,温泉・健康,48.0,675.0
鹿児島県,スポーツ・レク,98.0,2397.0
鹿児島県,都市型観光,41.0,1228.0
鹿児島県,イベント,17.0,797.0
北海道,自然,107.0,5908.0
北海道,歴史・文化,158.0,9176.0
北海道,温泉・健康,153.0,5185.0
北海道,スポーツ・レク,280.0,7485.0
北海道,都市型観光,79.0,7329.0
北海道,イベント,172.0,13877.0
青森県,自然,47.0,1649.0
青森県,歴史・文化,59.0,1799.0
青森県,温泉・健康,44.0,872.0
青森県,スポーツ・レク,72.0,1644.0
青森県,都市型観光,52.0,4499.0
青森県,イベント,78.0,9299.0
岩手県,自然,34.0,1706.0
岩手県,歴史・文化,59.0,1070.0
岩手県,温泉・健康,77.0,1447.0
岩手県,スポーツ・レク,57.0,767.0
岩手県,都市型観光,25.0,1067.0
岩手県,イベント,58.0,2887.0
宮城県,自然,31.0,1472.0
宮城県,歴史・文化,80.0,2070.0
宮城県,温泉・健康,36.0,1231.0
宮城県,スポーツ・レク,59.0,2087.0
宮城県,都市型観光,45.0,2065.0
宮城県,イベント,52.0,5295.0
秋田県,自然,30.0,1690.0
秋田県,歴史・文化,48.0,999.0
秋田県,温泉・健康,67.0,1360.0
秋田県,スポーツ・レク,67.0,1266.0
秋田県,都市型観光,20.0,400.0
秋田県,イベント,61.0,5198.0
山形県,自然,39.0,1349.0
山形県,歴史・文化,78.0,3329.0
山形県,温泉・健康,49.0,2591.0
山形県,スポーツ・レク,68.0,1670.0
山形県,都市型観光,30.0,1185.0
山形県,イベント,45.0,3844.0
福島県,自然,49.0,1825.0
福島県,歴史・文化,78.0,2409.0
福島県,温泉・健康,49.0,1587.0
福島県,スポーツ・レク,76.0,2831.0
福島県,都市型観光,17.0,1282.0
福島県,イベント,47.0,3293.0
茨城県,自然,15.0,1616.0
茨城県,歴史・文化,51.0,2640.0
茨城県,温泉・健康,13.0,424.0
茨城県,スポーツ・レク,52.0,3034.0
茨城県,都市型観光,11.0,1944.0
茨城県,イベント,57.0,5446.0
栃木県,自然,38.0,2178.0
栃木県,歴史・文化,88.0,3856.0
栃木県,温泉・健康,30.0,1711.0
栃木県,スポーツ・レク,128.0,4060.0
栃木県,都市型観光,14.0,2804.0
栃木県,イベント,37.0,2810.0
群馬県,自然,46.0,2913.0
群馬県,歴史・文化,78.0,2871.0
群馬県,温泉・健康,71.0,3713.0
群馬県,スポーツ・レク,94.0,2642.0
群馬県,都市型観光,25.0,1465.0
群馬県,イベント,59.0,4335.0
埼玉県,自然,41.0,2247.0
埼玉県,歴史・文化,142.0,4021.0
埼玉県,温泉・健康,30.0,1259.0
埼玉県,スポーツ・レク,160.0,4623.0
埼玉県,都市型観光,41.0,14222.0
埼玉県,イベント,122.0,12004.0
千葉県,自然,34.0,578.0
千葉県,歴史・文化,139.0,4734.0
千葉県,温泉・健康,25.0,1279.0
千葉県,スポーツ・レク,296.0,18898.0
千葉県,都市型観光,24.0,5994.0
千葉県,イベント,85.0,11021.0
東京都,自然,6.0,687.0
東京都,歴史・文化,326.0,16237.0
東京都,温泉・健康,35.0,6457.0
東京都,スポーツ・レク,167.0,30124.0
東京都,都市型観光,86.0,200255.0
東京都,イベント,121.0,14119.0
神奈川県,自然,62.0,8833.0
神奈川県,歴史・文化,111.0,7634.0
神奈川県,温泉・健康,8.0,295.0
神奈川県,スポーツ・レク,81.0,10845.0
神奈川県,都市型観光,7.0,1060.0
神奈川県,イベント,83.0,9014.0
新潟県,自然,76.0,1532.0
新潟県,歴史・文化,155.0,3035.0
新潟県,温泉・健康,106.0,2523.0
新潟県,スポーツ・レク,252.0,4312.0
新潟県,都市型観光,62.0,5139.0
新潟県,イベント,144.0,7406.0
富山県,自然,24.0,1142.0
富山県,歴史・文化,71.0,1616.0
富山県,温泉・健康,19.0,699.0
富山県,スポーツ・レク,48.0,1907.0
富山県,都市型観光,5.0,241.0
富山県,イベント,45.0,1898.0
石川県,自然,28.0,712.0
石川県,歴史・文化,100.0,3218.0
石川県,温泉・健康,26.0,1538.0
石川県,スポーツ・レク,74.0,1759.0
石川県,都市型観光,16.0,5227.0
石川県,イベント,34.0,284.0
山梨県,自然,17.0,2652.0
山梨県,歴史・文化,92.0,3353.0
山梨県,温泉・健康,59.0,1800.0
山梨県,スポーツ・レク,89.0,3092.0
山梨県,都市型観光,31.0,1431.0
山梨県,イベント,29.0,1489.0
長野県,自然,62.0,4512.0
長野県,歴史・文化,71.0,4848.0
長野県,温泉・健康,78.0,3889.0
長野県,スポーツ・レク,97.0,2410.0
長野県,都市型観光,15.0,4341.0
長野県,イベント,54.0,3366.0
岐阜県,自然,37.0,1091.0
岐阜県,歴史・文化,93.0,3835.0
岐阜県,温泉・健康,55.0,2351.0
岐阜県,スポーツ・レク,151.0,3392.0
岐阜県,都市型観光,23.0,2492.0
岐阜県,イベント,60.0,2754.0
静岡県,自然,46.0,3995.0
静岡県,歴史・文化,187.0,5045.0
静岡県,温泉・健康,46.0,1102.0
静岡県,スポーツ・レク,273.0,8504.0
静岡県,都市型観光,38.0,5256.0
静岡県,イベント,131.0,7608.0
愛知県,自然,37.0,1875.0
愛知県,歴史・文化,143.0,7473.0
愛知県,温泉・健康,21.0,815.0
愛知県,スポーツ・レク,139.0,7950.0
愛知県,都市型観光,44.0,7606.0
愛知県,イベント,63.0,11330.0
三重県,自然,36.0,755.0
三重県,歴史・文化,72.0,3812.0
三重県,温泉・健康,29.0,1667.0
三重県,スポーツ・レク,134.0,7394.0
三重県,都市型観光,22.0,833.0
三重県,イベント,29.0,1955.0
滋賀県,自然,24.0,464.0
滋賀県,歴史・文化,114.0,2399.0
滋賀県,温泉・健康,22.0,411.0
滋賀県,スポーツ・レク,111.0,2962.0
滋賀県,都市型観光,29.0,1275.0
滋賀県,イベント,38.0,1448.0
京都府,自然,18.0,257.0
京都府,歴史・文化,83.0,13444.0
京都府,温泉・健康,18.0,550.0
京都府,スポーツ・レク,73.0,2375.0
京都府,都市型観光,7.0,344.0
京都府,イベント,13.0,331.0
兵庫県,自然,89.0,1281.0
兵庫県,歴史・文化,293.0,7236.0
兵庫県,温泉・健康,74.0,2144.0
兵庫県,スポーツ・レク,362.0,10325.0
兵庫県,都市型観光,43.0,10127.0
兵庫県,イベント,79.0,4875.0
奈良県,自然,25.0,912.0
奈良県,歴史・文化,92.0,3996.0
奈良県,温泉・健康,24.0,454.0
奈良県,スポーツ・レク,19.0,344.0
奈良県,都市型観光,5.0,151.0
奈良県,イベント,19.0,1453.0
和歌山県,自然,14.0,170.0
和歌山県,歴史・文化,32.0,1064.0
和歌山県,温泉・健康,13.0,195.0
和歌山県,スポーツ・レク,46.0,2739.0
和歌山県,都市型観光,2.0,48.0
和歌山県,イベント,17.0,704.0
鳥取県,自然,11.0,532.0
鳥取県,歴史・文化,39.0,923.0
鳥取県,温泉・健康,19.0,564.0
鳥取県,スポーツ・レク,35.0,385.0
鳥取県,都市型観光,16.0,1910.0
鳥取県,イベント,16.0,718.0
島根県,自然,17.0,764.0
島根県,歴史・文化,69.0,3918.0
島根県,温泉・健康,24.0,665.0
島根県,スポーツ・レク,36.0,677.0
島根県,都市型観光,14.0,556.0
島根県,イベント,10.0,749.0
岡山県,自然,20.0,255.0
岡山県,歴史・文化,109.0,1296.0
岡山県,温泉・健康,33.0,760.0
岡山県,スポーツ・レク,80.0,1821.0
岡山県,都市型観光,37.0,1232.0
岡山県,イベント,38.0,1994.0
広島県,自然,22.0,549.0
広島県,歴史・文化,77.0,3240.0
広島県,温泉・健康,28.0,632.0
広島県,スポーツ・レク,83.0,2324.0
広島県,都市型観光,16.0,1089.0
広島県,イベント,41.0,3862.0
山口県,自然,28.0,885.0
山口県,歴史・文化,71.0,1915.0
山口県,温泉・健康,31.0,982.0
山口県,スポーツ・レク,58.0,1653.0
山口県,都市型観光,4.0,551.0
山口県,イベント,31.0,1990.0
徳島県,自然,20.0,510.0
徳島県,歴史・文化,50.0,1145.0
徳島県,温泉・健康,24.0,299.0
徳島県,スポーツ・レク,47.0,694.0
徳島県,都市型観光,30.0,1124.0
徳島県,イベント,21.0,1955.0
香川県,自然,9.0,370.0
香川県,歴史・文化,60.0,1763.0
香川県,温泉・健康,18.0,540.0
香川県,スポーツ・レク,51.0,2072.0
香川県,都市型観光,11.0,969.0
香川県,イベント,19.0,1114.0
愛媛県,自然,44.0,697.0
愛媛県,歴史・文化,64.0,1484.0
愛媛県,温泉・健康,26.0,834.0
愛媛県,スポーツ・レク,37.0,936.0
愛媛県,都市型観光,29.0,356.0
愛媛県,イベント,41.0,1317.0
高知県,自然,17.0,282.0
高知県,歴史・文化,28.0,534.0
高知県,温泉・健康,14.0,160.0
高知県,スポーツ・レク,25.0,373.0
高知県,都市型観光,22.0,1401.0
高知県,イベント,17.0,1303.0
福岡県,自然,36.0,934.0
福岡県,歴史・文化,130.0,6047.0
福岡県,温泉・健康,35.0,1026.0
福岡県,スポーツ・レク,83.0,3072.0
福岡県,都市型観光,66.0,25381.0
福岡県,イベント,41.0,3819.0
佐賀県,自然,13.0,135.0
佐賀県,歴史・文化,31.0,783.0
佐賀県,温泉・健康,18.0,551.0
佐賀県,スポーツ・レク,35.0,433.0
佐賀県,都市型観光,29.0,2426.0
佐賀県,イベント,28.0,1133.0
長崎県,自然,16.0,264.67900000000003
長崎県,歴史・文化,62.0,1850.725
長崎県,温泉・健康,23.0,632.025
長崎県,スポーツ・レク,65.0,1813.6480000000001
長崎県,都市型観光,12.0,3163.3489999999997
長崎県,イベント,44.0,1415.846
熊本県,自然,25.0,893.0
熊本県,歴史・文化,87.0,1978.0
熊本県,温泉・健康,42.0,2325.0
熊本県,スポーツ・レク,102.0,1640.0
熊本県,都市型観光,54.0,2781.0
熊本県,イベント,36.0,1721.0
大分県,自然,47.0,1634.0
大分県,歴史・文化,104.0,2542.0
大分県,温泉・健康,46.0,2398.0
大分県,スポーツ・レク,82.0,2206.0
大分県,都市型観光,11.0,223.0
大分県,イベント,42.0,1137.0
宮崎県,自然,18.0,416.0
宮崎県,歴史・文化,59.0,1602.0
宮崎県,温泉・健康,26.0,666.0
宮崎県,スポーツ・レク,86.0,1649.0
宮崎県,都市型観光,10.0,271.0
宮崎県,イベント,35.0,1404.0
鹿児島県,自然,38.0,417.0
鹿児島県,歴史・文化,66.0,1894.0
鹿児島県,温泉・健康,48.0,656.0
鹿児島県,スポーツ・レク,97.0,2319.0
鹿児島県,都市型観光,41.0,1271.0
鹿児島県,イベント,38.0,1258.0
北海道,自然,96.0,2749.0
北海道,歴史・文化,133.0,4400.0
北海道,温泉・健康,124.0,3711.0
北海道,スポーツ・レク,238.0,3378.0
北海道,都市型観光,71.0,5251.0
北海道,イベント,38.0,2776.0
青森県,自然,47.0,642.0
青森県,歴史・文化,59.0,963.0
青森県,温泉・健康,44.0,805.0
青森県,スポーツ・レク,72.0,757.0
青森県,都市型観光,52.0,3271.0
青森県,イベント,24.0,856.0
岩手県,自然,34.0,914.0
岩手県,歴史・文化,60.0,733.0
岩手県,温泉・健康,78.0,1390.0
岩手県,スポーツ・レク,57.0,539.0
岩手県,都市型観光,27.0,872.0
岩手県,イベント,35.0,960.0
宮城県,自然,31.0,1102.0
宮城県,歴史・文化,80.0,1708.0
宮城県,温泉・健康,35.0,1231.0
宮城県,スポーツ・レク,59.0,1426.0
宮城県,都市型観光,45.0,1838.0
宮城県,イベント,35.0,4511.0
秋田県,自然,30.0,1029.0
秋田県,歴史・文化,48.0,591.0
秋田県,温泉・健康,67.0,1187.0
秋田県,スポーツ・レク,67.0,752.0
秋田県,都市型観光,20.0,334.0
秋田県,イベント,21.0,1376.0
山形県,自然,39.0,555.0
山形県,歴史・文化,78.0,1950.0
山形県,温泉・健康,49.0,2312.0
山形県,スポーツ・レク,68.0,744.0
山形県,都市型観光,30.0,896.0
山形県,イベント,19.0,756.0
福島県,自然,49.0,1956.0
福島県,歴史・文化,78.0,2010.0
福島県,温泉・健康,49.0,1584.0
福島県,スポーツ・レク,76.0,1740.0
福島県,都市型観光,17.0,930.0
福島県,イベント,21.0,795.0
茨城県,自然,15.0,2034.0
茨城県,歴史・文化,51.0,3384.0
茨城県,温泉・健康,13.0,388.0
茨城県,スポーツ・レク,52.0,2457.0
茨城県,都市型観光,11.0,1895.0
茨城県,イベント,41.0,2138.0
栃木県,自然,38.0,2507.0
栃木県,歴史・文化,88.0,4514.0
栃木県,温泉・健康,30.0,1612.0
栃木県,スポーツ・レク,128.0,3064.0
栃木県,都市型観光,14.0,2550.0
栃木県,イベント,33.0,2011.0
群馬県,自然,46.0,1977.0
群馬県,歴史・文化,79.0,2738.0
群馬県,温泉・健康,71.0,3469.0
群馬県,スポーツ・レク,94.0,2492.0
群馬県,都市型観光,25.0,1338.0
群馬県,イベント,49.0,2488.0
埼玉県,自然,41.0,1402.0
埼玉県,歴史・文化,142.0,5003.0
埼玉県,温泉・健康,30.0,1242.0
埼玉県,スポーツ・レク,160.0,3024.0
埼玉県,都市型観光,41.0,14215.0
埼玉県,イベント,157.0,10739.0
千葉県,自然,34.0,228.0
千葉県,歴史・文化,139.0,4898.0
千葉県,温泉・健康,25.0,1092.0
千葉県,スポーツ・レク,296.0,17290.0
千葉県,都市型観光,24.0,4968.0
千葉県,イベント,79.0,5822.0
東京都,自然,6.0,855.0
東京都,歴史・文化,326.0,16433.0
東京都,温泉・健康,35.0,7723.0
東京都,スポーツ・レク,167.0,26232.0
東京都,都市型観光,86.0,204667.0
東京都,イベント,160.0,17305.0
神奈川県,自然,62.0,5953.0
神奈川県,歴史・文化,111.0,7739.0
神奈川県,温泉・健康,8.0,195.0
神奈川県,スポーツ・レク,81.0,7346.0
神奈川県,都市型観光,7.0,949.0
神奈川県,イベント,66.0,4094.0
新潟県,自然,76.0,1302.0
新潟県,歴史・文化,155.0,2307.0
新潟県,温泉・健康,106.0,2286.0
新潟県,スポーツ・レク,252.0,2193.0
新潟県,都市型観光,62.0,4336.0
新潟県,イベント,83.0,2278.0
富山県,自然,24.0,571.0
富山県,歴史・文化,71.0,1400.0
富山県,温泉・健康,19.0,673.0
富山県,スポーツ・レク,48.0,1033.0
富山県,都市型観光,5.0,264.0
富山県,イベント,19.0,737.0
石川県,自然,28.0,572.0
石川県,歴史・文化,100.0,2781.0
石川県,温泉・健康,26.0,1446.0
石川県,スポーツ・レク,74.0,1188.0
石川県,都市型観光,16.0,4944.0
石川県,イベント,17.0,171.0
山梨県,自然,17.0,1450.0
山梨県,歴史・文化,92.0,2012.0
山梨県,温泉・健康,59.0,1344.0
山梨県,スポーツ・レク,89.0,2095.0
山梨県,都市型観光,31.0,982.0
山梨県,イベント,25.0,827.0
長野県,自然,63.0,1411.0
長野県,歴史・文化,75.0,3710.0
長野県,温泉・健康,84.0,3382.0
長野県,スポーツ・レク,100.0,2046.0
長野県,都市型観光,15.0,2505.0
長野県,イベント,28.0,1628.0
岐阜県,自然,37.0,617.0
岐阜県,歴史・文化,93.0,4106.0
岐阜県,温泉・健康,55.0,2096.0
岐阜県,スポーツ・レク,151.0,3016.0
岐阜県,都市型観光,23.0,2614.0
岐阜県,イベント,77.0,2822.0
静岡県,自然,46.0,3224.0
静岡県,歴史・文化,187.0,4817.0
静岡県,温泉・健康,46.0,903.0
静岡県,スポーツ・レク,273.0,5129.0
静岡県,都市型観光,38.0,5133.0
静岡県,イベント,110.0,6510.0
愛知県,自然,37.0,2160.0
愛知県,歴史・文化,143.0,7830.0
愛知県,温泉・健康,21.0,833.0
愛知県,スポーツ・レク,139.0,6721.0
愛知県,都市型観光,44.0,6793.0
愛知県,イベント,72.0,7477.0
三重県,自然,36.0,498.0
三重県,歴史・文化,72.0,4160.0
三重県,温泉・健康,29.0,1630.0
三重県,スポーツ・レク,134.0,5792.0
三重県,都市型観光,23.0,1024.0
三重県,イベント,21.0,1082.0
滋賀県,自然,13.0,177.0
滋賀県,歴史・文化,78.0,2124.0
滋賀県,温泉・健康,20.0,328.0
滋賀県,スポーツ・レク,83.0,1690.0
滋賀県,都市型観光,23.0,768.0
滋賀県,イベント,20.0,588.0
京都府,自然,18.0,344.0
京都府,歴史・文化,83.0,15260.0
京都府,温泉・健康,18.0,564.0
京都府,スポーツ・レク,73.0,1957.0
京都府,都市型観光,7.0,295.0
京都府,イベント,20.0,644.0
兵庫県,自然,89.0,956.0
兵庫県,歴史・文化,292.0,5998.0
兵庫県,温泉・健康,74.0,1916.0
兵庫県,スポーツ・レク,362.0,7747.0
兵庫県,都市型観光,44.0,4969.0
兵庫県,イベント,125.0,8880.0
奈良県,自然,25.0,1063.0
奈良県,歴史・文化,92.0,5492.0
奈良県,温泉・健康,24.0,354.0
奈良県,スポーツ・レク,19.0,194.0
奈良県,都市型観光,5.0,162.0
奈良県,イベント,17.0,728.0
和歌山県,自然,13.0,153.0
和歌山県,歴史・文化,31.0,1135.0
和歌山県,温泉・健康,13.0,160.0
和歌山県,スポーツ・レク,44.0,1201.0
和歌山県,都市型観光,2.0,56.0
和歌山県,イベント,13.0,370.0
鳥取県,自然,11.0,389.0
鳥取県,歴史・文化,39.0,842.0
鳥取県,温泉・健康,19.0,564.0
鳥取県,スポーツ・レク,35.0,195.0
鳥取県,都市型観光,16.0,1541.0
鳥取県,イベント,7.0,200.0
島根県,自然,17.0,551.0
島根県,歴史・文化,69.0,3395.0
島根県,温泉・健康,24.0,678.0
島根県,スポーツ・レク,36.0,419.0
島根県,都市型観光,14.0,590.0
島根県,イベント,6.0,244.0
岡山県,自然,17.0,145.0
岡山県,歴史・文化,100.0,1234.0
岡山県,温泉・健康,32.0,628.0
岡山県,スポーツ・レク,68.0,1523.0
岡山県,都市型観光,36.0,1099.0
岡山県,イベント,33.0,1684.0
広島県,自然,23.0,626.0
広島県,歴史・文化,86.0,3120.0
広島県,温泉・健康,30.0,625.0
広島県,スポーツ・レク,90.0,2159.0
広島県,都市型観光,17.0,977.0
広島県,イベント,39.0,3490.0
山口県,自然,28.0,651.0
山口県,歴史・文化,71.0,1875.0
山口県,温泉・健康,31.0,929.0
山口県,スポーツ・レク,58.0,1118.0
山口県,都市型観光,4.0,550.0
山口県,イベント,36.0,1358.0
徳島県,自然,20.0,295.0
徳島県,歴史・文化,50.0,1120.0
徳島県,温泉・健康,24.0,296.0
徳島県,スポーツ・レク,47.0,533.0
徳島県,都市型観光,30.0,1025.0
徳島県,イベント,22.0,775.0
香川県,自然,9.0,418.0
香川県,歴史・文化,60.0,2235.0
香川県,温泉・健康,18.0,483.0
香川県,スポーツ・レク,51.0,1431.0
香川県,都市型観光,11.0,865.0
香川県,イベント,7.0,302.0
愛媛県,自然,44.0,487.0
愛媛県,歴史・文化,64.0,1336.0
愛媛県,温泉・健康,26.0,761.0
愛媛県,スポーツ・レク,37.0,637.0
愛媛県,都市型観光,29.0,280.0
愛媛県,イベント,25.0,819.0
高知県,自然,17.0,198.0
高知県,歴史・文化,28.0,458.0
高知県,温泉・健康,14.0,147.0
高知県,スポーツ・レク,25.0,256.0
高知県,都市型観光,22.0,1314.0
高知県,イベント,10.0,227.0
福岡県,自然,36.0,777.0
福岡県,歴史・文化,130.0,6387.0
福岡県,温泉・健康,35.0,1079.0
福岡県,スポーツ・レク,83.0,2183.0
福岡県,都市型観光,66.0,25107.0
福岡県,イベント,55.0,2582.0
佐賀県,自然,13.0,104.0
佐賀県,歴史・文化,31.0,1186.0
佐賀県,温泉・健康,18.0,541.0
佐賀県,スポーツ・レク,35.0,447.0
佐賀県,都市型観光,29.0,2571.0
佐賀県,イベント,26.0,2482.0
長崎県,自然,16.0,272.718
長崎県,歴史・文化,62.0,1900.9120000000003
長崎県,温泉・健康,23.0,609.97
長崎県,スポーツ・レク,65.0,1798.116
長崎県,都市型観光,12.0,3028.42
長崎県,イベント,40.0,1443.903
熊本県,自然,25.0,602.0
熊本県,歴史・文化,87.0,2109.0
熊本県,温泉・健康,42.0,2138.0
熊本県,スポーツ・レク,102.0,1260.0
熊本県,都市型観光,54.0,2657.0
熊本県,イベント,37.0,1100.0
大分県,自然,47.0,509.0
大分県,歴史・文化,104.0,3371.0
大分県,温泉・健康,46.0,2143.0
大分県,スポーツ・レク,82.0,1612.0
大分県,都市型観光,11.0,183.0
大分県,イベント,34.0,1350.0
宮崎県,自然,18.0,432.0
宮崎県,歴史・文化,59.0,1382.0
宮崎県,温泉・健康,26.0,672.0
宮崎県,スポーツ・レク,86.0,1152.0
宮崎県,都市型観光,10.0,284.0
宮崎県,イベント,41.0,1016.0
鹿児島県,自然,38.0,558.0
鹿児島県,歴史・文化,66.0,1656.0
鹿児島県,温泉・健康,48.0,710.0
鹿児島県,スポーツ・レク,97.0,1932.0
鹿児島県,都市型観光,41.0,1141.0
鹿児島県,イベント,41.0,1121.0
北海道,自然,106.0,1323.0
北海道,歴史・文化,147.0,3931.0
北海道,温泉・健康,139.0,3052.0
北海道,スポーツ・レク,262.0,5384.0
北海道,都市型観光,74.0,4143.0
北海道,イベント,39.0,7308.0
青森県,自然,46.0,134.0
青森県,歴史・文化,60.0,448.0
青森県,温泉・健康,45.0,767.0
青森県,スポーツ・レク,72.0,671.0
青森県,都市型観光,52.0,2376.0
青森県,イベント,9.0,850.0
岩手県,自然,34.0,911.0
岩手県,歴史・文化,59.0,598.0
岩手県,温泉・健康,75.0,1248.0
岩手県,スポーツ・レク,54.0,876.0
岩手県,都市型観光,26.0,532.0
岩手県,イベント,11.0,786.0
宮城県,自然,32.0,575.0
宮城県,歴史・文化,82.0,3211.0
宮城県,温泉・健康,37.0,1311.0
宮城県,スポーツ・レク,61.0,883.0
宮城県,都市型観光,48.0,1637.0
宮城県,イベント,19.0,645.0
秋田県,自然,33.0,139.0
秋田県,歴史・文化,48.0,244.0
秋田県,温泉・健康,62.0,1003.0
秋田県,スポーツ・レク,67.0,731.0
秋田県,都市型観光,19.0,169.0
秋田県,イベント,17.0,1033.0
山形県,自然,38.0,241.0
山形県,歴史・文化,75.0,1188.0
山形県,温泉・健康,48.0,1998.0
山形県,スポーツ・レク,61.0,884.0
山形県,都市型観光,26.0,590.0
山形県,イベント,14.0,876.0
福島県,自然,57.0,430.0
福島県,歴史・文化,80.0,1690.0
福島県,温泉・健康,55.0,1626.0
福島県,スポーツ・レク,97.0,3015.0
福島県,都市型観光,16.0,1059.0
福島県,イベント,16.0,913.0
茨城県,自然,16.0,1130.0
茨城県,歴史・文化,50.0,2528.0
茨城県,温泉・健康,14.0,412.0
茨城県,スポーツ・レク,51.0,1836.0
茨城県,都市型観光,9.0,1798.0
茨城県,イベント,25.0,2868.0
栃木県,自然,37.0,1121.0
栃木県,歴史・文化,92.0,4025.0
栃木県,温泉・健康,32.0,1398.0
栃木県,スポーツ・レク,128.0,2424.0
栃木県,都市型観光,16.0,2697.0
栃木県,イベント,15.0,645.0
群馬県,自然,55.0,780.0
群馬県,歴史・文化,96.0,2346.0
群馬県,温泉・健康,81.0,3780.0
群馬県,スポーツ・レク,119.0,3109.0
群馬県,都市型観光,27.0,1066.0
群馬県,イベント,31.0,1145.0
埼玉県,自然,45.0,853.0
埼玉県,歴史・文化,113.0,4876.0
埼玉県,温泉・健康,33.0,1542.0
埼玉県,スポーツ・レク,165.0,2830.0
埼玉県,都市型観光,46.0,15682.0
埼玉県,イベント,77.0,7446.0
千葉県,自然,33.0,1408.0
千葉県,歴史・文化,138.0,10475.0
千葉県,温泉・健康,24.0,1199.0
千葉県,スポーツ・レク,296.0,15238.0
千葉県,都市型観光,23.0,5104.0
千葉県,イベント,53.0,4650.0
東京都,自然,6.0,435.0
東京都,歴史・文化,325.0,14787.0
東京都,温泉・健康,35.0,7740.0
東京都,スポーツ・レク,170.0,34947.0
東京都,都市型観光,93.0,194958.0
東京都,イベント,103.0,8768.0
神奈川県,自然,40.0,5358.0
神奈川県,歴史・文化,135.0,22044.0
神奈川県,温泉・健康,10.0,231.0
神奈川県,スポーツ・レク,96.0,7473.0
神奈川県,都市型観光,7.0,906.0
神奈川県,イベント,46.0,3890.0
新潟県,自然,72.0,419.0
新潟県,歴史・文化,160.0,1730.0
新潟県,温泉・健康,109.0,2348.0
新潟県,スポーツ・レク,241.0,5002.0
新潟県,都市型観光,62.0,2373.0
新潟県,イベント,67.0,2512.0
富山県,自然,26.0,232.0
富山県,歴史・文化,74.0,838.0
富山県,温泉・健康,23.0,611.0
富山県,スポーツ・レク,49.0,994.0
富山県,都市型観光,7.0,251.0
富山県,イベント,23.0,585.0
石川県,自然,21.0,193.0
石川県,歴史・文化,76.0,2790.0
石川県,温泉・健康,26.0,1190.0
石川県,スポーツ・レク,69.0,881.0
石川県,都市型観光,13.0,3654.0
石川県,イベント,9.0,204.0
山梨県,自然,16.0,788.0
山梨県,歴史・文化,83.0,1810.0
山梨県,温泉・健康,59.0,1258.0
山梨県,スポーツ・レク,86.0,1635.0
山梨県,都市型観光,33.0,701.0
山梨県,イベント,7.0,325.0
長野県,自然,32.0,1076.0
長野県,歴史・文化,34.0,2366.0
長野県,温泉・健康,63.0,3166.0
長野県,スポーツ・レク,78.0,4939.0
長野県,都市型観光,10.0,1810.0
長野県,イベント,13.0,1179.0
岐阜県,自然,37.0,299.0
岐阜県,歴史・文化,96.0,4453.0
岐阜県,温泉・健康,56.0,2345.0
岐阜県,スポーツ・レク,157.0,3360.0
岐阜県,都市型観光,27.0,2465.0
岐阜県,イベント,24.0,529.0
静岡県,自然,48.0,3179.0
静岡県,歴史・文化,180.0,6352.0
静岡県,温泉・健康,50.0,1119.0
静岡県,スポーツ・レク,284.0,4204.0
静岡県,都市型観光,42.0,4781.0
静岡県,イベント,75.0,4390.0
愛知県,自然,38.0,1209.0
愛知県,歴史・文化,139.0,12569.0
愛知県,温泉・健康,21.0,790.0
愛知県,スポーツ・レク,124.0,4898.0
愛知県,都市型観光,44.0,5085.0
愛知県,イベント,42.0,5461.0
三重県,自然,36.0,271.0
三重県,歴史・文化,70.0,7032.0
三重県,温泉・健康,29.0,1574.0
三重県,スポーツ・レク,130.0,7386.0
三重県,都市型観光,23.0,835.0
三重県,イベント,9.0,312.0
滋賀県,自然,21.0,84.0
滋賀県,歴史・文化,112.0,3236.0
滋賀県,温泉・健康,21.0,402.0
滋賀県,スポーツ・レク,110.0,1796.0
滋賀県,都市型観光,29.0,695.0
滋賀県,イベント,11.0,443.0
京都府,自然,18.0,152.0
京都府,歴史・文化,81.0,15660.0
京都府,温泉・健康,19.0,498.0
京都府,スポーツ・レク,70.0,999.0
京都府,都市型観光,8.0,201.0
京都府,イベント,3.0,40.0
兵庫県,自然,82.0,453.0
兵庫県,歴史・文化,291.0,11644.0
兵庫県,温泉・健康,74.0,2135.0
兵庫県,スポーツ・レク,365.0,7058.0
兵庫県,都市型観光,47.0,4453.0
兵庫県,イベント,51.0,5322.0
奈良県,自然,25.0,313.0
奈良県,歴史・文化,91.0,6139.0
奈良県,温泉・健康,26.0,382.0
奈良県,スポーツ・レク,19.0,210.0
奈良県,都市型観光,3.0,34.0
奈良県,イベント,16.0,3229.0
和歌山県,自然,18.0,428.0
和歌山県,歴史・文化,45.0,1329.0
和歌山県,温泉・健康,22.0,474.0
和歌山県,スポーツ・レク,52.0,1566.0
和歌山県,都市型観光,4.0,39.0
和歌山県,イベント,18.0,358.0
鳥取県,自然,10.0,232.0
鳥取県,歴史・文化,36.0,477.0
鳥取県,温泉・健康,19.0,535.0
鳥取県,スポーツ・レク,27.0,355.0
鳥取県,都市型観光,17.0,1210.0
鳥取県,イベント,5.0,114.0
島根県,自然,16.0,320.0
島根県,歴史・文化,66.0,3509.0
島根県,温泉・健康,24.0,598.0
島根県,スポーツ・レク,36.0,488.0
島根県,都市型観光,14.0,432.0
島根県,イベント,3.0,250.0
岡山県,自然,18.0,76.0
岡山県,歴史・文化,105.0,1129.0
岡山県,温泉・健康,30.0,561.0
岡山県,スポーツ・レク,62.0,1152.0
岡山県,都市型観光,47.0,961.0
岡山県,イベント,17.0,873.0
広島県,自然,23.0,250.0
広島県,歴史・文化,57.0,2785.0
広島県,温泉・健康,30.0,652.0
広島県,スポーツ・レク,94.0,1980.0
広島県,都市型観光,17.0,885.0
広島県,イベント,19.0,1755.0
山口県,自然,33.0,546.0
山口県,歴史・文化,76.0,2041.0
山口県,温泉・健康,30.0,895.0
山口県,スポーツ・レク,58.0,1189.0
山口県,都市型観光,4.0,531.0
山口県,イベント,17.0,808.0
徳島県,自然,16.0,210.0
徳島県,歴史・文化,50.0,1522.0
徳島県,温泉・健康,20.0,320.0
徳島県,スポーツ・レク,34.0,502.0
徳島県,都市型観光,21.0,870.0
徳島県,イベント,13.0,485.0
香川県,自然,9.0,240.0
香川県,歴史・文化,59.0,2691.0
香川県,温泉・健康,18.0,521.0
香川県,スポーツ・レク,50.0,1133.0
香川県,都市型観光,12.0,719.0
香川県,イベント,5.0,179.0
愛媛県,自然,44.0,287.0
愛媛県,歴史・文化,64.0,1209.0
愛媛県,温泉・健康,26.0,826.0
愛媛県,スポーツ・レク,37.0,537.0
愛媛県,都市型観光,29.0,229.0
愛媛県,イベント,5.0,54.0
高知県,自然,14.0,149.0
高知県,歴史・文化,29.0,596.0
高知県,温泉・健康,16.0,214.0
高知県,スポーツ・レク,27.0,324.0
高知県,都市型観光,22.0,1288.0
高知県,イベント,6.0,144.0
福岡県,自然,39.0,551.0
福岡県,歴史・文化,132.0,10241.0
福岡県,温泉・健康,26.0,950.0
福岡県,スポーツ・レク,85.0,1959.0
福岡県,都市型観光,74.0,22852.0
福岡県,イベント,26.0,1926.0
佐賀県,自然,15.0,125.0
佐賀県,歴史・文化,32.0,2386.0
佐賀県,温泉・健康,16.0,554.0
佐賀県,スポーツ・レク,29.0,332.0
佐賀県,都市型観光,30.0,2458.0
佐賀県,イベント,11.0,459.0
長崎県,自然,18.0,184.78500000000003
長崎県,歴史・文化,63.0,1500.224
長崎県,温泉・健康,18.0,563.68
長崎県,スポーツ・レク,67.0,1556.8806
長崎県,都市型観光,12.0,3127.1710000000003
長崎県,イベント,23.0,1683.3344000000002
熊本県,自然,27.0,377.0
熊本県,歴史・文化,89.0,2820.0
熊本県,温泉・健康,43.0,2506.0
熊本県,スポーツ・レク,99.0,1046.0
熊本県,都市型観光,53.0,2691.0
熊本県,イベント,23.0,1167.0
大分県,自然,37.0,366.0
大分県,歴史・文化,88.0,3208.0
大分県,温泉・健康,48.0,2309.0
大分県,スポーツ・レク,73.0,1452.0
大分県,都市型観光,16.0,225.0
大分県,イベント,14.0,511.0
宮崎県,自然,19.0,396.0
宮崎県,歴史・文化,55.0,2825.0
宮崎県,温泉・健康,26.0,858.0
宮崎県,スポーツ・レク,83.0,1205.0
宮崎県,都市型観光,10.0,256.0
宮崎県,イベント,19.0,1036.0
鹿児島県,自然,38.0,351.0
鹿児島県,歴史・文化,66.0,2458.0
鹿児島県,温泉・健康,48.0,893.0
鹿児島県,スポーツ・レク,99.0,1937.0
鹿児島県,都市型観光,41.0,1044.0
鹿児島県,イベント,24.0,1531.0
北海道,自然,107.0,3932.0
北海道,歴史・文化,149.0,7159.0
北海道,温泉・健康,141.0,3770.0
北海道,スポーツ・レク,261.0,4949.0
北海道,都市型観光,74.0,6351.0
北海道,イベント,56.0,5433.0
青森県,自然,46.0,903.0
青森県,歴史・文化,60.0,1916.0
青森県,温泉・健康,45.0,773.0
青森県,スポーツ・レク,72.0,1271.0
青森県,都市型観光,52.0,3598.0
青森県,イベント,30.0,4055.0
岩手県,自然,35.0,1406.0
岩手県,歴史・文化,60.0,890.0
岩手県,温泉・健康,73.0,1264.0
岩手県,スポーツ・レク,56.0,638.0
岩手県,都市型観光,26.0,870.0
岩手県,イベント,30.0,1502.0
宮城県,自然,32.0,991.0
宮城県,歴史・文化,82.0,2397.0
宮城県,温泉・健康,37.0,1363.0
宮城県,スポーツ・レク,61.0,1994.0
宮城県,都市型観光,48.0,2000.0
宮城県,イベント,35.0,2841.0
秋田県,自然,34.0,1143.0
秋田県,歴史・文化,48.0,930.0
秋田県,温泉・健康,62.0,1106.0
秋田県,スポーツ・レク,67.0,976.0
秋田県,都市型観光,19.0,345.0
秋田県,イベント,38.0,2748.0
山形県,自然,38.0,1146.0
山形県,歴史・文化,75.0,2496.0
山形県,温泉・健康,48.0,1932.0
山形県,スポーツ・レク,61.0,1554.0
山形県,都市型観光,26.0,991.0
山形県,イベント,33.0,2950.0
福島県,自然,49.0,1772.0
福島県,歴史・文化,70.0,3327.0
福島県,温泉・健康,49.0,1516.0
福島県,スポーツ・レク,76.0,2325.0
福島県,都市型観光,13.0,969.0
福島県,イベント,10.0,521.0
茨城県,自然,16.0,2222.0
茨城県,歴史・文化,50.0,3310.0
茨城県,温泉・健康,14.0,371.0
茨城県,スポーツ・レク,51.0,2493.0
茨城県,都市型観光,9.0,2092.0
茨城県,イベント,32.0,1737.0
栃木県,自然,35.0,2009.0
栃木県,歴史・文化,90.0,4558.0
栃木県,温泉・健康,27.0,1120.0
栃木県,スポーツ・レク,124.0,3468.0
栃木県,都市型観光,19.0,2981.0
栃木県,イベント,28.0,1752.0
群馬県,自然,55.0,2302.0
群馬県,歴史・文化,96.0,3041.0
群馬県,温泉・健康,81.0,3032.0
群馬県,スポーツ・レク,119.0,3278.0
群馬県,都市型観光,27.0,1326.0
群馬県,イベント,38.0,1618.0
埼玉県,自然,45.0,3252.0
埼玉県,歴史・文化,113.0,4578.0
埼玉県,温泉・健康,33.0,1394.0
埼玉県,スポーツ・レク,165.0,4017.0
埼玉県,都市型観光,46.0,16096.0
埼玉県,イベント,110.0,6973.0
千葉県,自然,33.0,933.0
千葉県,歴史・文化,138.0,5419.0
千葉県,温泉・健康,24.0,1112.0
千葉県,スポーツ・レク,296.0,15956.0
千葉県,都市型観光,23.0,5861.0
千葉県,イベント,64.0,4553.0
東京都,自然,6.0,598.0
東京都,歴史・文化,325.0,20087.0
東京都,温泉・健康,35.0,5257.0
東京都,スポーツ・レク,170.0,34790.0
東京都,都市型観光,93.0,214513.0
東京都,イベント,97.0,11343.0
神奈川県,自然,40.0,6334.0
神奈川県,歴史・文化,135.0,12437.0
神奈川県,温泉・健康,10.0,257.0
神奈川県,スポーツ・レク,96.0,10888.0
神奈川県,都市型観光,7.0,939.0
神奈川県,イベント,78.0,9399.0
新潟県,自然,72.0,1263.0
新潟県,歴史・文化,160.0,2578.0
新潟県,温泉・健康,109.0,2065.0
新潟県,スポーツ・レク,241.0,2273.0
新潟県,都市型観光,62.0,4550.0
新潟県,イベント,114.0,5193.0
富山県,自然,26.0,970.0
富山県,歴史・文化,74.0,1612.0
富山県,温泉・健康,23.0,681.0
富山県,スポーツ・レク,49.0,1929.0
富山県,都市型観光,7.0,241.0
富山県,イベント,41.0,1823.0
山梨県,自然,16.0,2799.0
山梨県,歴史・文化,83.0,2116.0
山梨県,温泉・健康,59.0,1366.0
山梨県,スポーツ・レク,86.0,2617.0
山梨県,都市型観光,33.0,1167.0
山梨県,イベント,28.0,882.0
長野県,自然,45.0,1949.0
長野県,歴史・文化,56.0,11081.0
長野県,温泉・健康,68.0,3005.0
長野県,スポーツ・レク,73.0,1323.0
長野県,都市型観光,14.0,2799.0
長野県,イベント,27.0,2286.0
岐阜県,自然,37.0,820.0
岐阜県,歴史・文化,96.0,4175.0
岐阜県,温泉・健康,56.0,2121.0
岐阜県,スポーツ・レク,157.0,3823.0
岐阜県,都市型観光,27.0,2840.0
岐阜県,イベント,59.0,2635.0
静岡県,自然,48.0,3648.0
静岡県,歴史・文化,180.0,5340.0
静岡県,温泉・健康,50.0,1069.0
静岡県,スポーツ・レク,284.0,6162.0
静岡県,都市型観光,42.0,5095.0
静岡県,イベント,106.0,6464.0
愛知県,自然,38.0,1971.0
愛知県,歴史・文化,139.0,8430.0
愛知県,温泉・健康,21.0,727.0
愛知県,スポーツ・レク,124.0,7999.0
愛知県,都市型観光,44.0,6938.0
愛知県,イベント,75.0,7497.0
三重県,自然,36.0,721.0
三重県,歴史・文化,71.0,3745.0
三重県,温泉・健康,29.0,1431.0
三重県,スポーツ・レク,130.0,7254.0
三重県,都市型観光,23.0,883.0
三重県,イベント,23.0,620.0
滋賀県,自然,21.0,337.0
滋賀県,歴史・文化,112.0,2685.0
滋賀県,温泉・健康,21.0,385.0
滋賀県,スポーツ・レク,110.0,2566.0
滋賀県,都市型観光,29.0,999.0
滋賀県,イベント,28.0,747.0
京都府,自然,18.0,486.0
京都府,歴史・文化,81.0,17682.0
京都府,温泉・健康,19.0,453.0
京都府,スポーツ・レク,70.0,2278.0
京都府,都市型観光,8.0,324.0
京都府,イベント,9.0,311.0
兵庫県,自然,82.0,704.0
兵庫県,歴史・文化,291.0,8232.0
兵庫県,温泉・健康,74.0,1770.0
兵庫県,スポーツ・レク,365.0,9748.0
兵庫県,都市型観光,47.0,7823.0
兵庫県,イベント,73.0,5805.0
奈良県,自然,25.0,890.0
奈良県,歴史・文化,91.0,7549.0
奈良県,温泉・健康,26.0,404.0
奈良県,スポーツ・レク,19.0,561.0
奈良県,都市型観光,3.0,46.0
奈良県,イベント,14.0,835.0
和歌山県,自然,6.0,47.0
和歌山県,歴史・文化,25.0,513.0
和歌山県,温泉・健康,11.0,172.0
和歌山県,スポーツ・レク,37.0,1180.0
和歌山県,都市型観光,2.0,10.0
和歌山県,イベント,19.0,952.0
鳥取県,自然,10.0,417.0
鳥取県,歴史・文化,36.0,758.0
鳥取県,温泉・健康,19.0,480.0
鳥取県,スポーツ・レク,27.0,261.0
鳥取県,都市型観光,17.0,1661.0
鳥取県,イベント,9.0,143.0
島根県,自然,16.0,713.0
島根県,歴史・文化,66.0,3399.0
島根県,温泉・健康,24.0,632.0
島根県,スポーツ・レク,36.0,506.0
島根県,都市型観光,14.0,542.0
島根県,イベント,6.0,312.0
岡山県,自然,18.0,147.0
岡山県,歴史・文化,105.0,1464.0
岡山県,温泉・健康,30.0,545.0
岡山県,スポーツ・レク,62.0,1783.0
岡山県,都市型観光,46.0,1231.0
岡山県,イベント,26.0,1311.0
広島県,自然,23.0,487.0
広島県,歴史・文化,88.0,3356.0
広島県,温泉・健康,30.0,645.0
広島県,スポーツ・レク,93.0,2107.0
広島県,都市型観光,17.0,1089.0
広島県,イベント,28.0,5624.0
山口県,自然,33.0,659.0
山口県,歴史・文化,76.0,2023.0
山口県,温泉・健康,30.0,861.0
山口県,スポーツ・レク,58.0,1634.0
山口県,都市型観光,4.0,534.0
山口県,イベント,37.0,997.0
徳島県,自然,16.0,508.0
徳島県,歴史・文化,50.0,1217.0
徳島県,温泉・健康,20.0,292.0
徳島県,スポーツ・レク,34.0,813.0
徳島県,都市型観光,21.0,1036.0
徳島県,イベント,19.0,726.0
香川県,自然,9.0,369.0
香川県,歴史・文化,59.0,2444.0
香川県,温泉・健康,18.0,488.0
香川県,スポーツ・レク,50.0,1978.0
香川県,都市型観光,12.0,843.0
香川県,イベント,6.0,417.0
愛媛県,自然,44.0,712.0
愛媛県,歴史・文化,64.0,1647.0
愛媛県,温泉・健康,26.0,718.0
愛媛県,スポーツ・レク,37.0,727.0
愛媛県,都市型観光,29.0,291.0
愛媛県,イベント,17.0,387.0
高知県,自然,14.0,275.0
高知県,歴史・文化,29.0,598.0
高知県,温泉・健康,16.0,218.0
高知県,スポーツ・レク,27.0,419.0
高知県,都市型観光,22.0,1446.0
高知県,イベント,10.0,376.0
福岡県,自然,39.0,927.0
福岡県,歴史・文化,132.0,6016.0
福岡県,温泉・健康,26.0,845.0
福岡県,スポーツ・レク,85.0,2826.0
福岡県,都市型観光,74.0,21925.0
福岡県,イベント,27.0,2062.0
佐賀県,自然,15.0,236.0
佐賀県,歴史・文化,32.0,1162.0
佐賀県,温泉・健康,16.0,486.0
佐賀県,スポーツ・レク,29.0,441.0
佐賀県,都市型観光,30.0,2595.0
佐賀県,イベント,14.0,1524.0
長崎県,自然,18.0,266.263
長崎県,歴史・文化,63.0,2072.209
長崎県,温泉・健康,18.0,529.437
長崎県,スポーツ・レク,67.0,1878.5653
長崎県,都市型観光,12.0,2913.596
長崎県,イベント,32.0,1396.8827
熊本県,自然,27.0,818.0
熊本県,歴史・文化,89.0,2263.0
熊本県,温泉・健康,43.0,2244.0
熊本県,スポーツ・レク,99.0,1429.0
熊本県,都市型観光,54.0,3153.0
熊本県,イベント,32.0,1030.0
大分県,自然,37.0,719.0
大分県,歴史・文化,88.0,2326.0
大分県,温泉・健康,48.0,2472.0
大分県,スポーツ・レク,73.0,1817.0
大分県,都市型観光,16.0,300.0
大分県,イベント,21.0,834.0
宮崎県,自然,19.0,485.0
宮崎県,歴史・文化,55.0,1661.0
宮崎県,温泉・健康,26.0,652.0
宮崎県,スポーツ・レク,83.0,1278.0
宮崎県,都市型観光,10.0,274.0
宮崎県,イベント,17.0,714.0
鹿児島県,自然,38.0,454.0
鹿児島県,歴史・文化,66.0,1609.0
鹿児島県,温泉・健康,48.0,740.0
鹿児島県,スポーツ・レク,99.0,2442.0
鹿児島県,都市型観光,41.0,1202.0
鹿児島県,イベント,17.0,691.0
北海道,自然,108.0,6834.0
北海道,歴史・文化,149.0,9706.0
北海道,温泉・健康,141.0,5012.0
北海道,スポーツ・レク,261.0,7618.0
北海道,都市型観光,75.0,7557.0
北海道,イベント,177.0,10939.0
青森県,自然,46.0,1788.0
青森県,歴史・文化,60.0,2015.0
青森県,温泉・健康,45.0,910.0
青森県,スポーツ・レク,72.0,1681.0
青森県,都市型観光,52.0,4526.0
青森県,イベント,71.0,9389.0
岩手県,自然,35.0,1922.0
岩手県,歴史・文化,60.0,1079.0
岩手県,温泉・健康,73.0,1481.0
岩手県,スポーツ・レク,57.0,741.0
岩手県,都市型観光,26.0,1075.0
岩手県,イベント,63.0,3010.0
宮城県,自然,34.0,1378.0
宮城県,歴史・文化,84.0,2724.0
宮城県,温泉・健康,36.0,1485.0
宮城県,スポーツ・レク,62.0,2204.0
宮城県,都市型観光,48.0,2112.0
宮城県,イベント,55.0,5318.0
秋田県,自然,34.0,1701.0
秋田県,歴史・文化,48.0,1000.0
秋田県,温泉・健康,62.0,1228.0
秋田県,スポーツ・レク,67.0,1393.0
秋田県,都市型観光,19.0,397.0
秋田県,イベント,64.0,5186.0
山形県,自然,39.0,1241.0
山形県,歴史・文化,75.0,2919.0
山形県,温泉・健康,48.0,2449.0
山形県,スポーツ・レク,64.0,1767.0
山形県,都市型観光,26.0,1057.0
山形県,イベント,45.0,4406.0
福島県,自然,50.0,1663.0
福島県,歴史・文化,73.0,2608.0
福島県,温泉・健康,49.0,1631.0
福島県,スポーツ・レク,77.0,3111.0
福島県,都市型観光,15.0,1625.0
福島県,イベント,46.0,3523.0
茨城県,自然,16.0,1610.0
茨城県,歴史・文化,50.0,2529.0
茨城県,温泉・健康,14.0,412.0
茨城県,スポーツ・レク,51.0,2878.0
茨城県,都市型観光,9.0,1865.0
茨城県,イベント,33.0,5342.0
栃木県,自然,35.0,2037.0
栃木県,歴史・文化,90.0,4156.0
栃木県,温泉・健康,27.0,1331.0
栃木県,スポーツ・レク,124.0,3820.0
栃木県,都市型観光,19.0,2794.0
栃木県,イベント,43.0,3028.0
群馬県,自然,56.0,2774.0
群馬県,歴史・文化,96.0,2685.0
群馬県,温泉・健康,81.0,3724.0
群馬県,スポーツ・レク,119.0,2636.0
群馬県,都市型観光,27.0,1358.0
群馬県,イベント,68.0,5144.0
埼玉県,自然,45.0,2269.0
埼玉県,歴史・文化,113.0,3938.0
埼玉県,温泉・健康,33.0,1501.0
埼玉県,スポーツ・レク,165.0,5353.0
埼玉県,都市型観光,46.0,16326.0
埼玉県,イベント,119.0,12230.0
千葉県,自然,33.0,518.0
千葉県,歴史・文化,138.0,4964.0
千葉県,温泉・健康,24.0,1327.0
千葉県,スポーツ・レク,296.0,18670.0
千葉県,都市型観光,23.0,6331.0
千葉県,イベント,88.0,11079.0
東京都,自然,6.0,643.0
東京都,歴史・文化,325.0,19213.0
東京都,温泉・健康,35.0,6684.0
東京都,スポーツ・レク,170.0,32244.0
東京都,都市型観光,93.0,204216.0
東京都,イベント,140.0,18013.0
神奈川県,自然,40.0,7928.0
神奈川県,歴史・文化,135.0,10177.0
神奈川県,温泉・健康,10.0,340.0
神奈川県,スポーツ・レク,96.0,11077.0
神奈川県,都市型観光,7.0,977.0
神奈川県,イベント,86.0,10250.0
新潟県,自然,72.0,1609.0
新潟県,歴史・文化,160.0,3093.0
新潟県,温泉・健康,109.0,2611.0
新潟県,スポーツ・レク,241.0,4739.0
新潟県,都市型観光,62.0,5239.0
新潟県,イベント,148.0,8397.0
富山県,自然,26.0,1273.0
富山県,歴史・文化,74.0,1739.0
富山県,温泉・健康,23.0,771.0
富山県,スポーツ・レク,49.0,2480.0
富山県,都市型観光,7.0,1913.0
富山県,イベント,53.0,1875.0
山梨県,自然,16.0,3071.0
山梨県,歴史・文化,83.0,3059.0
山梨県,温泉・健康,59.0,1766.0
山梨県,スポーツ・レク,86.0,3115.0
山梨県,都市型観光,33.0,1477.0
山梨県,イベント,26.0,1503.0
長野県,自然,61.0,4891.0
長野県,歴史・文化,69.0,5362.0
長野県,温泉・健康,73.0,4168.0
長野県,スポーツ・レク,92.0,2584.0
長野県,都市型観光,15.0,4017.0
長野県,イベント,54.0,3076.0
岐阜県,自然,37.0,1140.0
岐阜県,歴史・文化,96.0,3880.0
岐阜県,温泉・健康,56.0,2443.0
岐阜県,スポーツ・レク,157.0,3598.0
岐阜県,都市型観光,27.0,3085.0
岐阜県,イベント,63.0,3442.0
静岡県,自然,48.0,4167.0
静岡県,歴史・文化,180.0,4864.0
静岡県,温泉・健康,50.0,1292.0
静岡県,スポーツ・レク,284.0,8150.0
静岡県,都市型観光,42.0,5378.0
静岡県,イベント,139.0,7633.0
愛知県,自然,38.0,2177.0
愛知県,歴史・文化,139.0,7446.0
愛知県,温泉・健康,21.0,771.0
愛知県,スポーツ・レク,124.0,8163.0
愛知県,都市型観光,44.0,7678.0
愛知県,イベント,68.0,12503.0
三重県,自然,36.0,835.0
三重県,歴史・文化,72.0,3676.0
三重県,温泉・健康,29.0,1790.0
三重県,スポーツ・レク,130.0,10029.0
三重県,都市型観光,24.0,856.0
三重県,イベント,29.0,2008.0
滋賀県,自然,21.0,358.0
滋賀県,歴史・文化,112.0,2491.0
滋賀県,温泉・健康,21.0,411.0
滋賀県,スポーツ・レク,110.0,2923.0
滋賀県,都市型観光,29.0,1243.0
滋賀県,イベント,36.0,1461.0
京都府,自然,18.0,288.0
京都府,歴史・文化,81.0,15046.0
京都府,温泉・健康,19.0,542.0
京都府,スポーツ・レク,70.0,2728.0
京都府,都市型観光,8.0,412.0
京都府,イベント,16.0,527.0
兵庫県,自然,82.0,1037.0
兵庫県,歴史・文化,291.0,7720.0
兵庫県,温泉・健康,74.0,225.0
兵庫県,スポーツ・レク,365.0,11168.0
兵庫県,都市型観光,47.0,10378.0
兵庫県,イベント,83.0,5371.0
奈良県,自然,25.0,772.0
奈良県,歴史・文化,91.0,4887.0
奈良県,温泉・健康,26.0,526.0
奈良県,スポーツ・レク,19.0,466.0
奈良県,都市型観光,3.0,42.0
奈良県,イベント,19.0,1486.0
和歌山県,自然,16.0,689.877
和歌山県,歴史・文化,28.0,506.77099999999996
和歌山県,温泉・健康,13.0,243.743
和歌山県,スポーツ・レク,42.0,2129.66
和歌山県,都市型観光,2.0,13.033
和歌山県,イベント,14.0,1366.282
鳥取県,自然,10.0,563.0
鳥取県,歴史・文化,36.0,1028.0
鳥取県,温泉・健康,19.0,604.0
鳥取県,スポーツ・レク,27.0,430.0
鳥取県,都市型観光,17.0,1965.0
鳥取県,イベント,17.0,789.0
島根県,自然,15.0,807.0
島根県,歴史・文化,71.0,4019.0
島根県,温泉・健康,23.0,657.0
島根県,スポーツ・レク,35.0,630.0
島根県,都市型観光,11.0,536.0
島根県,イベント,12.0,990.0
岡山県,自然,18.0,232.0
岡山県,歴史・文化,105.0,1511.0
岡山県,温泉・健康,30.0,718.0
岡山県,スポーツ・レク,62.0,1803.0
岡山県,都市型観光,47.0,1525.0
岡山県,イベント,39.0,2341.0
広島県,自然,23.0,674.0
広島県,歴史・文化,88.0,3704.0
広島県,温泉・健康,30.0,706.0
広島県,スポーツ・レク,93.0,2533.0
広島県,都市型観光,17.0,1137.0
広島県,イベント,40.0,4291.0
山口県,自然,33.0,1004.0
山口県,歴史・文化,76.0,2097.0
山口県,温泉・健康,30.0,983.0
山口県,スポーツ・レク,58.0,2164.0
山口県,都市型観光,4.0,573.0
山口県,イベント,32.0,2092.0
徳島県,自然,16.0,597.0
徳島県,歴史・文化,50.0,1101.0
徳島県,温泉・健康,20.0,301.0
徳島県,スポーツ・レク,34.0,898.0
徳島県,都市型観光,21.0,1088.0
徳島県,イベント,24.0,2242.0
香川県,自然,9.0,362.0
香川県,歴史・文化,59.0,1661.0
香川県,温泉・健康,18.0,555.0
香川県,スポーツ・レク,50.0,2186.0
香川県,都市型観光,12.0,958.0
香川県,イベント,19.0,1304.0
愛媛県,自然,44.0,698.0
愛媛県,歴史・文化,64.0,1559.0
愛媛県,温泉・健康,26.0,827.0
愛媛県,スポーツ・レク,37.0,936.0
愛媛県,都市型観光,29.0,345.0
愛媛県,イベント,45.0,2138.0
高知県,自然,14.0,325.0
高知県,歴史・文化,29.0,723.0
高知県,温泉・健康,16.0,235.0
高知県,スポーツ・レク,27.0,431.0
高知県,都市型観光,22.0,1544.0
高知県,イベント,22.0,1670.0
福岡県,自然,39.0,1028.0
福岡県,歴史・文化,132.0,5965.0
福岡県,温泉・健康,26.0,842.0
福岡県,スポーツ・レク,85.0,3560.0
福岡県,都市型観光,74.0,24057.0
福岡県,イベント,37.0,3612.0
佐賀県,自然,13.0,226.0
佐賀県,歴史・文化,30.0,972.0
佐賀県,温泉・健康,17.0,534.0
佐賀県,スポーツ・レク,31.0,473.0
佐賀県,都市型観光,30.0,2927.0
佐賀県,イベント,26.0,1157.0
長崎県,自然,18.0,321.493
長崎県,歴史・文化,63.0,2136.517
長崎県,温泉・健康,18.0,589.006
長崎県,スポーツ・レク,67.0,2064.8900000000003
長崎県,都市型観光,12.0,3354.367
長崎県,イベント,44.0,1453.71
熊本県,自然,27.0,1083.0
熊本県,歴史・文化,89.0,2241.0
熊本県,温泉・健康,43.0,2477.0
熊本県,スポーツ・レク,99.0,1855.0
熊本県,都市型観光,54.0,3147.0
熊本県,イベント,39.0,1910.0
大分県,自然,37.0,1500.0
大分県,歴史・文化,88.0,2943.0
大分県,温泉・健康,48.0,3002.0
大分県,スポーツ・レク,73.0,2330.0
大分県,都市型観光,16.0,311.0
大分県,イベント,37.0,1276.0
宮崎県,自然,19.0,458.0
宮崎県,歴史・文化,55.0,1702.0
宮崎県,温泉・健康,26.0,687.0
宮崎県,スポーツ・レク,83.0,1766.0
宮崎県,都市型観光,10.0,315.0
宮崎県,イベント,34.0,1470.0
鹿児島県,自然,38.0,408.0
鹿児島県,歴史・文化,66.0,1864.0
鹿児島県,温泉・健康,48.0,701.0
鹿児島県,スポーツ・レク,99.0,2469.0
鹿児島県,都市型観光,41.0,1232.0
鹿児島県,イベント,40.0,1301.0
北海道,自然,108.0,3059.0
北海道,歴史・文化,151.0,4965.0
北海道,温泉・健康,142.0,3814.0
北海道,スポーツ・レク,262.0,3350.0
北海道,都市型観光,76.0,5396.0
北海道,イベント,42.0,5760.0
青森県,自然,46.0,630.0
青森県,歴史・文化,60.0,958.0
青森県,温泉・健康,45.0,820.0
青森県,スポーツ・レク,72.0,623.0
青森県,都市型観光,52.0,3372.0
青森県,イベント,25.0,1247.0
岩手県,自然,36.0,969.0
岩手県,歴史・文化,61.0,699.0
岩手県,温泉・健康,73.0,1398.0
岩手県,スポーツ・レク,57.0,451.0
岩手県,都市型観光,25.0,764.0
岩手県,イベント,37.0,1017.0
宮城県,自然,34.0,1108.0
宮城県,歴史・文化,84.0,2297.0
宮城県,温泉・健康,36.0,1650.0
宮城県,スポーツ・レク,62.0,1389.0
宮城県,都市型観光,48.0,1913.0
宮城県,イベント,37.0,5054.0
秋田県,自然,34.0,1012.0
秋田県,歴史・文化,48.0,563.0
秋田県,温泉・健康,62.0,1154.0
秋田県,スポーツ・レク,67.0,649.0
秋田県,都市型観光,19.0,321.0
秋田県,イベント,21.0,1329.0
山形県,自然,41.0,593.0
山形県,歴史・文化,77.0,1896.0
山形県,温泉・健康,48.0,2217.0
山形県,スポーツ・レク,65.0,692.0
山形県,都市型観光,28.0,872.0
山形県,イベント,19.0,668.0
福島県,自然,48.0,1945.0
福島県,歴史・文化,72.0,2206.0
福島県,温泉・健康,49.0,1617.0
福島県,スポーツ・レク,76.0,1699.0
福島県,都市型観光,15.0,1237.0
福島県,イベント,24.0,895.0
茨城県,自然,20.0,2150.0
茨城県,歴史・文化,50.0,3243.0
茨城県,温泉・健康,14.0,349.0
茨城県,スポーツ・レク,51.0,2408.0
茨城県,都市型観光,9.0,1972.0
茨城県,イベント,33.0,2372.0
栃木県,自然,35.0,2340.0
栃木県,歴史・文化,90.0,5036.0
栃木県,温泉・健康,27.0,1239.0
栃木県,スポーツ・レク,124.0,3157.0
栃木県,都市型観光,19.0,2633.0
栃木県,イベント,36.0,1712.0
群馬県,自然,55.0,2028.0
群馬県,歴史・文化,96.0,2645.0
群馬県,温泉・健康,81.0,3535.0
群馬県,スポーツ・レク,119.0,2613.0
群馬県,都市型観光,27.0,1287.0
群馬県,イベント,53.0,2616.0
埼玉県,自然,45.0,1492.0
埼玉県,歴史・文化,113.0,4786.0
埼玉県,温泉・健康,33.0,1451.0
埼玉県,スポーツ・レク,165.0,3654.0
埼玉県,都市型観光,46.0,15423.0
埼玉県,イベント,153.0,10780.0
千葉県,自然,33.0,260.0
千葉県,歴史・文化,138.0,5172.0
千葉県,温泉・健康,24.0,1102.0
千葉県,スポーツ・レク,296.0,17436.0
千葉県,都市型観光,23.0,5544.0
千葉県,イベント,83.0,5564.0
東京都,自然,6.0,1025.0
東京都,歴史・文化,325.0,17333.0
東京都,温泉・健康,35.0,7510.0
東京都,スポーツ・レク,170.0,29422.0
東京都,都市型観光,93.0,212392.0
東京都,イベント,152.0,18951.0
神奈川県,自然,40.0,7006.0
神奈川県,歴史・文化,135.0,8884.0
神奈川県,温泉・健康,10.0,231.0
神奈川県,スポーツ・レク,96.0,8193.0
神奈川県,都市型観光,7.0,987.0
神奈川県,イベント,73.0,4176.0
新潟県,自然,72.0,1317.0
新潟県,歴史・文化,160.0,2451.0
新潟県,温泉・健康,109.0,2321.0
新潟県,スポーツ・レク,241.0,2008.0
新潟県,都市型観光,62.0,4651.0
新潟県,イベント,88.0,2975.0
富山県,自然,26.0,585.0
富山県,歴史・文化,74.0,1678.0
富山県,温泉・健康,23.0,745.0
富山県,スポーツ・レク,49.0,1418.0
富山県,都市型観光,7.0,1943.0
富山県,イベント,24.0,744.0
山梨県,自然,16.0,2026.0
山梨県,歴史・文化,83.0,2085.0
山梨県,温泉・健康,59.0,1345.0
山梨県,スポーツ・レク,86.0,2177.0
山梨県,都市型観光,33.0,1093.0
山梨県,イベント,25.0,846.0
長野県,自然,64.0,1621.0
長野県,歴史・文化,76.0,4190.0
長野県,温泉・健康,81.0,3529.0
長野県,スポーツ・レク,95.0,1858.0
長野県,都市型観光,15.0,2674.0
長野県,イベント,31.0,1636.0
岐阜県,自然,37.0,677.0
岐阜県,歴史・文化,96.0,4449.0
岐阜県,温泉・健康,56.0,2188.0
岐阜県,スポーツ・レク,157.0,3422.0
岐阜県,都市型観光,27.0,2891.0
岐阜県,イベント,76.0,3066.0
静岡県,自然,48.0,3406.0
静岡県,歴史・文化,180.0,4228.0
静岡県,温泉・健康,50.0,1029.0
静岡県,スポーツ・レク,284.0,4999.0
静岡県,都市型観光,42.0,5036.0
静岡県,イベント,116.0,5200.0
愛知県,自然,38.0,2195.0
愛知県,歴史・文化,139.0,7840.0
愛知県,温泉・健康,21.0,806.0
愛知県,スポーツ・レク,124.0,7030.0
愛知県,都市型観光,44.0,6911.0
愛知県,イベント,67.0,7873.0
三重県,自然,36.0,550.0
三重県,歴史・文化,72.0,3880.0
三重県,温泉・健康,29.0,1633.0
三重県,スポーツ・レク,130.0,7514.0
三重県,都市型観光,24.0,1023.0
三重県,イベント,23.0,1331.0
滋賀県,自然,21.0,224.0
滋賀県,歴史・文化,112.0,2725.0
滋賀県,温泉・健康,21.0,361.0
滋賀県,スポーツ・レク,110.0,2182.0
滋賀県,都市型観光,29.0,999.0
滋賀県,イベント,28.0,684.0
京都府,自然,18.0,335.0
京都府,歴史・文化,81.0,16718.0
京都府,温泉・健康,19.0,561.0
京都府,スポーツ・レク,70.0,2132.0
京都府,都市型観光,8.0,359.0
京都府,イベント,19.0,660.0
兵庫県,自然,82.0,697.0
兵庫県,歴史・文化,291.0,6228.0
兵庫県,温泉・健康,74.0,2032.0
兵庫県,スポーツ・レク,365.0,8112.0
兵庫県,都市型観光,47.0,5045.0
兵庫県,イベント,123.0,8912.0
奈良県,自然,25.0,886.0
奈良県,歴史・文化,91.0,6255.0
奈良県,温泉・健康,26.0,384.0
奈良県,スポーツ・レク,19.0,303.0
奈良県,都市型観光,3.0,53.0
奈良県,イベント,19.0,888.0
和歌山県,自然,16.0,388.0
和歌山県,歴史・文化,28.0,603.0
和歌山県,温泉・健康,13.0,221.0
和歌山県,スポーツ・レク,42.0,1743.0
和歌山県,都市型観光,2.0,11.0
和歌山県,イベント,11.0,217.0
鳥取県,自然,10.0,413.0
鳥取県,歴史・文化,36.0,906.0
鳥取県,温泉・健康,19.0,604.0
鳥取県,スポーツ・レク,27.0,178.0
鳥取県,都市型観光,17.0,1571.0
鳥取県,イベント,8.0,223.0
島根県,自然,15.0,616.0
島根県,歴史・文化,73.0,3695.0
島根県,温泉・健康,23.0,677.0
島根県,スポーツ・レク,35.0,298.0
島根県,都市型観光,11.0,548.0
島根県,イベント,10.0,381.0
岡山県,自然,18.0,137.0
岡山県,歴史・文化,105.0,1464.0
岡山県,温泉・健康,30.0,569.0
岡山県,スポーツ・レク,62.0,1368.0
岡山県,都市型観光,47.0,1375.0
岡山県,イベント,40.0,2405.0
広島県,自然,23.0,631.0
広島県,歴史・文化,89.0,3344.0
広島県,温泉・健康,30.0,673.0
広島県,スポーツ・レク,94.0,2329.0
広島県,都市型観光,17.0,1058.0
広島県,イベント,37.0,3605.0
山口県,自然,33.0,727.0
山口県,歴史・文化,76.0,2122.0
山口県,温泉・健康,30.0,944.0
山口県,スポーツ・レク,58.0,1471.0
山口県,都市型観光,4.0,560.0
山口県,イベント,35.0,1356.0
徳島県,自然,16.0,376.0
徳島県,歴史・文化,50.0,1046.0
徳島県,温泉・健康,20.0,301.0
徳島県,スポーツ・レク,34.0,704.0
徳島県,都市型観光,21.0,1000.0
徳島県,イベント,17.0,781.0
香川県,自然,9.0,366.0
香川県,歴史・文化,59.0,1742.0
香川県,温泉・健康,18.0,488.0
香川県,スポーツ・レク,50.0,1712.0
香川県,都市型観光,12.0,891.0
香川県,イベント,10.0,331.0
愛媛県,自然,44.0,454.0
愛媛県,歴史・文化,64.0,1418.0
愛媛県,温泉・健康,26.0,766.0
愛媛県,スポーツ・レク,37.0,557.0
愛媛県,都市型観光,29.0,300.0
愛媛県,イベント,26.0,632.0
高知県,自然,14.0,205.0
高知県,歴史・文化,29.0,547.0
高知県,温泉・健康,16.0,211.0
高知県,スポーツ・レク,27.0,356.0
高知県,都市型観光,22.0,1420.0
高知県,イベント,12.0,276.0
福岡県,自然,39.0,728.0
福岡県,歴史・文化,132.0,5734.0
福岡県,温泉・健康,26.0,893.0
福岡県,スポーツ・レク,85.0,2436.0
福岡県,都市型観光,74.0,23692.0
福岡県,イベント,49.0,2332.0
佐賀県,自然,13.0,140.0
佐賀県,歴史・文化,30.0,1260.0
佐賀県,温泉・健康,17.0,515.0
佐賀県,スポーツ・レク,31.0,484.0
佐賀県,都市型観光,30.0,2881.0
佐賀県,イベント,26.0,2663.0
長崎県,自然,18.0,337.81
長崎県,歴史・文化,63.0,2083.109
長崎県,温泉・健康,18.0,554.962
長崎県,スポーツ・レク,67.0,1800.667
長崎県,都市型観光,12.0,3099.587
長崎県,イベント,34.0,884.347
熊本県,自然,27.0,640.0
熊本県,歴史・文化,89.0,2307.0
熊本県,温泉・健康,43.0,2338.0
熊本県,スポーツ・レク,99.0,1343.0
熊本県,都市型観光,54.0,3117.0
熊本県,イベント,42.0,1337.0
大分県,自然,37.0,967.0
大分県,歴史・文化,88.0,2963.0
大分県,温泉・健康,48.0,2174.0
大分県,スポーツ・レク,73.0,1768.0
大分県,都市型観光,16.0,291.0
大分県,イベント,29.0,1244.0
宮崎県,自然,19.0,632.0
宮崎県,歴史・文化,55.0,1422.0
宮崎県,温泉・健康,26.0,688.0
宮崎県,スポーツ・レク,83.0,1286.0
宮崎県,都市型観光,10.0,297.0
宮崎県,イベント,38.0,1128.0
鹿児島県,自然,38.0,522.0
鹿児島県,歴史・文化,66.0,1706.0
鹿児島県,温泉・健康,48.0,769.0
鹿児島県,スポーツ・レク,99.0,2161.0
鹿児島県,都市型観光,41.0,1166.0
鹿児島県,イベント,41.0,1199.0
北海道,自然,109.0,1727.0
北海道,歴史・文化,147.0,4223.0
北海道,温泉・健康,140.0,3713.0
北海道,スポーツ・レク,257.0,5049.0
北海道,都市型観光,76.0,4191.0
北海道,イベント,42.0,7715.0
青森県,自然,39.0,144.0
青森県,歴史・文化,55.0,564.0
青森県,温泉・健康,43.0,725.0
青森県,スポーツ・レク,67.0,631.0
青森県,都市型観光,46.0,2243.0
青森県,イベント,11.0,877.0
岩手県,自然,37.0,454.0
岩手県,歴史・文化,62.0,664.0
岩手県,温泉・健康,76.0,1336.0
岩手県,スポーツ・レク,55.0,750.0
岩手県,都市型観光,27.0,539.0
岩手県,イベント,12.0,658.0
宮城県,自然,36.0,530.0
宮城県,歴史・文化,80.0,3421.0
宮城県,温泉・健康,36.0,1390.0
宮城県,スポーツ・レク,65.0,907.0
宮城県,都市型観光,53.0,1679.0
宮城県,イベント,20.0,775.0
秋田県,自然,30.0,147.0
秋田県,歴史・文化,52.0,275.0
秋田県,温泉・健康,63.0,1068.0
秋田県,スポーツ・レク,68.0,622.0
秋田県,都市型観光,20.0,238.0
秋田県,イベント,18.0,900.0
山形県,自然,38.0,258.0
山形県,歴史・文化,74.0,1332.0
山形県,温泉・健康,47.0,2117.0
山形県,スポーツ・レク,64.0,996.0
山形県,都市型観光,28.0,640.0
山形県,イベント,15.0,978.0
福島県,自然,46.0,413.0
福島県,歴史・文化,77.0,1635.0
福島県,温泉・健康,46.0,1549.0
福島県,スポーツ・レク,60.0,2189.0
福島県,都市型観光,14.0,703.0
福島県,イベント,11.0,533.0
茨城県,自然,16.0,1350.0
茨城県,歴史・文化,50.0,2784.0
茨城県,温泉・健康,17.0,492.0
茨城県,スポーツ・レク,59.0,2109.0
茨城県,都市型観光,12.0,1855.0
茨城県,イベント,29.0,3416.0
栃木県,自然,35.0,1324.0
栃木県,歴史・文化,88.0,4170.0
栃木県,温泉・健康,26.0,1062.0
栃木県,スポーツ・レク,119.0,1881.0
栃木県,都市型観光,18.0,1805.0
栃木県,イベント,14.0,661.0
群馬県,自然,55.0,796.0
群馬県,歴史・文化,97.0,2301.0
群馬県,温泉・健康,81.0,3476.0
群馬県,スポーツ・レク,120.0,2766.0
群馬県,都市型観光,27.0,1019.0
群馬県,イベント,31.0,906.0
埼玉県,自然,47.0,1257.0
埼玉県,歴史・文化,124.0,5554.0
埼玉県,温泉・健康,30.0,1405.0
埼玉県,スポーツ・レク,180.0,3048.0
埼玉県,都市型観光,55.0,16374.0
埼玉県,イベント,80.0,5854.0
千葉県,自然,33.0,1326.0
千葉県,歴史・文化,136.0,10664.0
千葉県,温泉・健康,26.0,1178.0
千葉県,スポーツ・レク,298.0,14971.0
千葉県,都市型観光,24.0,5794.0
千葉県,イベント,57.0,4886.0
東京都,自然,9.0,554.0
東京都,歴史・文化,301.0,16554.0
東京都,温泉・健康,36.0,9132.0
東京都,スポーツ・レク,176.0,39396.0
東京都,都市型観光,93.0,206661.0
東京都,イベント,88.0,8157.0
神奈川県,自然,41.0,4850.0
神奈川県,歴史・文化,137.0,22544.0
神奈川県,温泉・健康,10.0,243.0
神奈川県,スポーツ・レク,100.0,7582.0
神奈川県,都市型観光,6.0,805.0
神奈川県,イベント,44.0,3921.0
新潟県,自然,71.0,429.76599999999996
新潟県,歴史・文化,165.0,1858.373
新潟県,温泉・健康,112.0,2363.7
新潟県,スポーツ・レク,241.0,4732.906
新潟県,都市型観光,62.0,2481.916
新潟県,イベント,70.0,2490.955
富山県,自然,35.0,277.0
富山県,歴史・文化,89.0,1008.0
富山県,温泉・健康,21.0,524.0
富山県,スポーツ・レク,48.0,780.0
富山県,都市型観光,6.0,1331.0
富山県,イベント,22.0,531.0
福井県,自然,26.0,555.0
福井県,歴史・文化,84.0,1599.0
福井県,温泉・健康,23.0,622.0
福井県,スポーツ・レク,58.0,792.0
福井県,都市型観光,17.0,402.0
福井県,イベント,7.0,201.0
山梨県,自然,20.0,1001.0
山梨県,歴史・文化,86.0,2059.0
山梨県,温泉・健康,60.0,1242.0
山梨県,スポーツ・レク,87.0,1660.0
山梨県,都市型観光,31.0,686.0
山梨県,イベント,11.0,363.0
長野県,自然,64.0,1293.0
長野県,歴史・文化,75.0,2990.0
長野県,温泉・健康,81.0,2899.0
長野県,スポーツ・レク,94.0,4118.0
長野県,都市型観光,17.0,2031.0
長野県,イベント,16.0,1745.0
岐阜県,自然,38.0,350.0
岐阜県,歴史・文化,97.0,4840.0
岐阜県,温泉・健康,55.0,2422.0
岐阜県,スポーツ・レク,154.0,3343.0
岐阜県,都市型観光,27.0,2543.0
岐阜県,イベント,25.0,613.0
静岡県,自然,52.0,3376.0
静岡県,歴史・文化,185.0,6397.0
静岡県,温泉・健康,48.0,1054.0
静岡県,スポーツ・レク,239.0,3953.0
静岡県,都市型観光,43.0,5234.0
静岡県,イベント,78.0,4767.0
愛知県,自然,37.0,1204.2235309695875
愛知県,歴史・文化,134.0,13756.241
愛知県,温泉・健康,20.0,726.4169999999999
愛知県,スポーツ・レク,119.0,5551.639
愛知県,都市型観光,42.0,7078.504999999999
愛知県,イベント,38.0,4944.042
三重県,自然,35.0,233.0
三重県,歴史・文化,69.0,7188.0
三重県,温泉・健康,28.0,1389.0
三重県,スポーツ・レク,129.0,7379.0
三重県,都市型観光,23.0,879.0
三重県,イベント,8.0,225.0
滋賀県,自然,21.0,99.0
滋賀県,歴史・文化,111.0,3631.0
滋賀県,温泉・健康,21.0,395.0
滋賀県,スポーツ・レク,114.0,1651.0
滋賀県,都市型観光,28.0,1172.0
滋賀県,イベント,9.0,537.0
京都府,自然,14.0,94.0
京都府,歴史・文化,76.0,17992.0
京都府,温泉・健康,19.0,657.0
京都府,スポーツ・レク,77.0,1268.0
京都府,都市型観光,8.0,251.0
京都府,イベント,5.0,82.0
兵庫県,自然,77.0,442.0
兵庫県,歴史・文化,291.0,12271.0
兵庫県,温泉・健康,73.0,2130.0
兵庫県,スポーツ・レク,352.0,6707.0
兵庫県,都市型観光,43.0,4488.0
兵庫県,イベント,45.0,5166.0
奈良県,自然,25.0,441.0
奈良県,歴史・文化,94.0,6832.0
奈良県,温泉・健康,27.0,380.0
奈良県,スポーツ・レク,22.0,256.0
奈良県,都市型観光,5.0,88.0
奈良県,イベント,15.0,3399.0
和歌山県,自然,19.0,141.0
和歌山県,歴史・文化,39.0,2974.0
和歌山県,温泉・健康,12.0,197.0
和歌山県,スポーツ・レク,31.0,879.0
和歌山県,都市型観光,6.0,197.0
和歌山県,イベント,8.0,109.0
鳥取県,自然,10.0,266.0
鳥取県,歴史・文化,36.0,615.0
鳥取県,温泉・健康,19.0,564.0
鳥取県,スポーツ・レク,27.0,240.0
鳥取県,都市型観光,17.0,1155.0
鳥取県,イベント,5.0,142.0
島根県,自然,18.0,344.0
島根県,歴史・文化,74.0,4035.0
島根県,温泉・健康,24.0,589.0
島根県,スポーツ・レク,37.0,370.0
島根県,都市型観光,10.0,401.0
島根県,イベント,5.0,343.0
岡山県,自然,17.0,73.0
岡山県,歴史・文化,107.0,1285.0
岡山県,温泉・健康,29.0,571.0
岡山県,スポーツ・レク,63.0,1192.0
岡山県,都市型観光,45.0,957.0
岡山県,イベント,20.0,869.0
広島県,自然,23.0,276.0
広島県,歴史・文化,89.0,3071.0
広島県,温泉・健康,30.0,688.0
広島県,スポーツ・レク,94.0,1909.0
広島県,都市型観光,17.0,851.0
広島県,イベント,20.0,1865.0
山口県,自然,34.0,589.0
山口県,歴史・文化,77.0,2035.0
山口県,温泉・健康,32.0,837.0
山口県,スポーツ・レク,65.0,1202.0
山口県,都市型観光,5.0,464.0
山口県,イベント,15.0,680.0
徳島県,自然,16.0,245.0
徳島県,歴史・文化,50.0,1519.0
徳島県,温泉・健康,20.0,316.0
徳島県,スポーツ・レク,34.0,544.0
徳島県,都市型観光,21.0,841.0
徳島県,イベント,11.0,484.0
香川県,自然,9.0,266.0
香川県,歴史・文化,59.0,2942.0
香川県,温泉・健康,18.0,502.0
香川県,スポーツ・レク,50.0,1226.0
香川県,都市型観光,12.0,745.0
香川県,イベント,4.0,188.0
愛媛県,自然,44.0,255.0
愛媛県,歴史・文化,64.0,1246.0
愛媛県,温泉・健康,26.0,823.0
愛媛県,スポーツ・レク,37.0,457.0
愛媛県,都市型観光,29.0,245.0
愛媛県,イベント,7.0,58.0
高知県,自然,15.0,183.0
高知県,歴史・文化,27.0,441.0
高知県,温泉・健康,13.0,132.0
高知県,スポーツ・レク,28.0,326.0
高知県,都市型観光,23.0,1711.0
高知県,イベント,6.0,79.0
福岡県,自然,36.0,494.0
福岡県,歴史・文化,135.0,11266.0
福岡県,温泉・健康,31.0,1219.0
福岡県,スポーツ・レク,89.0,1985.0
福岡県,都市型観光,72.0,28997.0
福岡県,イベント,35.0,2153.0
佐賀県,自然,10.0,88.0
佐賀県,歴史・文化,34.0,2553.0
佐賀県,温泉・健康,16.0,559.0
佐賀県,スポーツ・レク,33.0,389.0
佐賀県,都市型観光,27.0,2591.0
佐賀県,イベント,12.0,422.0
熊本県,自然,24.0,445.0
熊本県,歴史・文化,75.0,2561.0
熊本県,温泉・健康,44.0,2217.0
熊本県,スポーツ・レク,78.0,1261.0
熊本県,都市型観光,60.0,3023.0
熊本県,イベント,43.0,1734.0
大分県,自然,37.0,295.0
大分県,歴史・文化,88.0,3336.0
大分県,温泉・健康,48.0,2199.0
大分県,スポーツ・レク,73.0,1502.0
大分県,都市型観光,16.0,221.0
大分県,イベント,12.0,450.0
宮崎県,自然,18.0,431.0
宮崎県,歴史・文化,56.0,2817.0
宮崎県,温泉・健康,26.0,823.0
宮崎県,スポーツ・レク,81.0,1203.0
宮崎県,都市型観光,10.0,274.0
宮崎県,イベント,13.0,279.0
鹿児島県,自然,38.0,336.0
鹿児島県,歴史・文化,66.0,1868.0
鹿児島県,温泉・健康,48.0,823.0
鹿児島県,スポーツ・レク,99.0,1840.0
鹿児島県,都市型観光,41.0,909.0
鹿児島県,イベント,23.0,1386.0
北海道,自然,108.0,3648.0
北海道,歴史・文化,148.0,6428.0
北海道,温泉・健康,142.0,3849.0
北海道,スポーツ・レク,260.0,4598.0
北海道,都市型観光,77.0,6351.0
北海道,イベント,56.0,5660.0
青森県,自然,42.0,893.0
青森県,歴史・文化,58.0,1870.0
青森県,温泉・健康,45.0,783.0
青森県,スポーツ・レク,70.0,1168.0
青森県,都市型観光,51.0,3542.0
青森県,イベント,29.0,3792.0
岩手県,自然,37.0,1204.0
岩手県,歴史・文化,62.0,918.0
岩手県,温泉・健康,76.0,1329.0
岩手県,スポーツ・レク,55.0,593.0
岩手県,都市型観光,27.0,838.0
岩手県,イベント,31.0,1499.0
宮城県,自然,36.0,996.0
宮城県,歴史・文化,80.0,2754.0
宮城県,温泉・健康,36.0,1391.0
宮城県,スポーツ・レク,65.0,1899.0
宮城県,都市型観光,53.0,2090.0
宮城県,イベント,37.0,2861.0
秋田県,自然,30.0,926.0
秋田県,歴史・文化,52.0,954.0
秋田県,温泉・健康,63.0,1170.0
秋田県,スポーツ・レク,68.0,951.0
秋田県,都市型観光,20.0,386.0
秋田県,イベント,38.0,2543.0
山形県,自然,39.0,1177.0
山形県,歴史・文化,76.0,2487.0
山形県,温泉・健康,47.0,1966.0
山形県,スポーツ・レク,69.0,1762.0
山形県,都市型観光,31.0,1076.0
山形県,イベント,31.0,2977.0
福島県,自然,46.0,1723.0
福島県,歴史・文化,77.0,3572.0
福島県,温泉・健康,46.0,1467.0
福島県,スポーツ・レク,60.0,2271.0
福島県,都市型観光,14.0,910.0
福島県,イベント,50.0,3765.0
茨城県,自然,16.0,1981.0
茨城県,歴史・文化,50.0,2990.0
茨城県,温泉・健康,17.0,448.0
茨城県,スポーツ・レク,59.0,2869.0
茨城県,都市型観光,12.0,2167.0
茨城県,イベント,35.0,2186.0
栃木県,自然,35.0,1993.0
栃木県,歴史・文化,88.0,4695.0
栃木県,温泉・健康,26.0,1137.0
栃木県,スポーツ・レク,119.0,2826.0
栃木県,都市型観光,18.0,1851.0
栃木県,イベント,27.0,1760.0
群馬県,自然,56.0,2066.0
群馬県,歴史・文化,96.0,2778.0
群馬県,温泉・健康,80.0,3037.0
群馬県,スポーツ・レク,120.0,3405.0
群馬県,都市型観光,25.0,1240.0
群馬県,イベント,38.0,1559.0
埼玉県,自然,47.0,3658.0
埼玉県,歴史・文化,124.0,5077.0
埼玉県,温泉・健康,30.0,1295.0
埼玉県,スポーツ・レク,180.0,4275.0
埼玉県,都市型観光,55.0,16386.0
埼玉県,イベント,130.0,6242.0
千葉県,自然,33.0,871.0
千葉県,歴史・文化,136.0,5629.0
千葉県,温泉・健康,26.0,1084.0
千葉県,スポーツ・レク,298.0,16090.0
千葉県,都市型観光,24.0,5876.0
千葉県,イベント,67.0,5370.0
東京都,自然,9.0,710.0
東京都,歴史・文化,301.0,20485.0
東京都,温泉・健康,36.0,5705.0
東京都,スポーツ・レク,176.0,47703.0
東京都,都市型観光,93.0,210022.0
東京都,イベント,94.0,12197.0
神奈川県,自然,41.0,6733.0
神奈川県,歴史・文化,137.0,11449.0
神奈川県,温泉・健康,10.0,260.0
神奈川県,スポーツ・レク,100.0,10802.0
神奈川県,都市型観光,6.0,796.0
神奈川県,イベント,74.0,9274.0
新潟県,自然,71.0,1219.243
新潟県,歴史・文化,165.0,2694.635
新潟県,温泉・健康,112.0,2079.4399999999996
新潟県,スポーツ・レク,241.0,2102.4339999999997
新潟県,都市型観光,62.0,4378.268
新潟県,イベント,109.0,4699.880999999999
富山県,自然,35.0,986.0
富山県,歴史・文化,90.0,1696.0
富山県,温泉・健康,21.0,576.0
富山県,スポーツ・レク,49.0,1872.0
富山県,都市型観光,6.0,1285.0
富山県,イベント,41.0,1979.0
福井県,自然,26.0,1330.0
福井県,歴史・文化,84.0,2612.0
福井県,温泉・健康,23.0,594.0
福井県,スポーツ・レク,58.0,1376.0
福井県,都市型観光,17.0,539.0
福井県,イベント,18.0,1102.0
山梨県,自然,20.0,2865.0
山梨県,歴史・文化,86.0,2169.0
山梨県,温泉・健康,60.0,1358.0
山梨県,スポーツ・レク,87.0,2706.0
山梨県,都市型観光,31.0,1133.0
山梨県,イベント,29.0,905.0
長野県,自然,64.0,2062.0
長野県,歴史・文化,75.0,6274.0
長野県,温泉・健康,81.0,3172.0
長野県,スポーツ・レク,94.0,1806.0
長野県,都市型観光,17.0,2806.0
長野県,イベント,30.0,3968.0
岐阜県,自然,38.0,929.0
岐阜県,歴史・文化,97.0,4350.0
岐阜県,温泉・健康,55.0,2091.0
岐阜県,スポーツ・レク,154.0,3586.0
岐阜県,都市型観光,27.0,2821.0
岐阜県,イベント,58.0,3071.0
静岡県,自然,52.0,3483.0
静岡県,歴史・文化,185.0,5263.0
静岡県,温泉・健康,48.0,979.0
静岡県,スポーツ・レク,239.0,5396.0
静岡県,都市型観光,43.0,5348.0
静岡県,イベント,108.0,6584.0
愛知県,自然,37.0,1942.1086174107554
愛知県,歴史・文化,134.0,8917.212
愛知県,温泉・健康,20.0,622.278
愛知県,スポーツ・レク,119.0,7892.397
愛知県,都市型観光,42.0,6682.718000000001
愛知県,イベント,70.0,8401.736
三重県,自然,35.0,602.0
三重県,歴史・文化,69.0,3383.0
三重県,温泉・健康,28.0,1361.0
三重県,スポーツ・レク,129.0,7126.0
三重県,都市型観光,23.0,833.0
三重県,イベント,20.0,576.0
滋賀県,自然,21.0,347.0
滋賀県,歴史・文化,111.0,2642.0
滋賀県,温泉・健康,21.0,344.0
滋賀県,スポーツ・レク,114.0,2584.0
滋賀県,都市型観光,28.0,1541.0
滋賀県,イベント,28.0,788.0
京都府,自然,14.0,211.0
京都府,歴史・文化,76.0,16608.0
京都府,温泉・健康,19.0,679.0
京都府,スポーツ・レク,77.0,2727.0
京都府,都市型観光,8.0,285.0
京都府,イベント,8.0,516.0
兵庫県,自然,79.0,864.0
兵庫県,歴史・文化,294.0,7579.0
兵庫県,温泉・健康,74.0,1717.0
兵庫県,スポーツ・レク,362.0,8879.0
兵庫県,都市型観光,44.0,3088.0
兵庫県,イベント,70.0,5559.0
奈良県,自然,25.0,998.0
奈良県,歴史・文化,94.0,8107.0
奈良県,温泉・健康,27.0,421.0
奈良県,スポーツ・レク,22.0,556.0
奈良県,都市型観光,5.0,108.0
奈良県,イベント,14.0,936.0
和歌山県,自然,19.0,206.0
和歌山県,歴史・文化,40.0,1653.0
和歌山県,温泉・健康,12.0,216.0
和歌山県,スポーツ・レク,32.0,1416.0
和歌山県,都市型観光,6.0,225.0
和歌山県,イベント,7.0,125.0
鳥取県,自然,10.0,403.0
鳥取県,歴史・文化,36.0,872.0
鳥取県,温泉・健康,19.0,498.0
鳥取県,スポーツ・レク,27.0,259.0
鳥取県,都市型観光,17.0,1563.0
鳥取県,イベント,9.0,145.0
島根県,自然,18.0,705.0
島根県,歴史・文化,74.0,3701.0
島根県,温泉・健康,24.0,615.0
島根県,スポーツ・レク,37.0,341.0
島根県,都市型観光,10.0,461.0
島根県,イベント,9.0,491.0
岡山県,自然,17.0,143.0
岡山県,歴史・文化,107.0,1660.0
岡山県,温泉・健康,29.0,539.0
岡山県,スポーツ・レク,63.0,1697.0
岡山県,都市型観光,45.0,1256.0
岡山県,イベント,27.0,1304.0
広島県,自然,23.0,493.0
広島県,歴史・文化,89.0,3435.0
広島県,温泉・健康,30.0,629.0
広島県,スポーツ・レク,95.0,2260.0
広島県,都市型観光,17.0,1054.0
広島県,イベント,27.0,5390.0
山口県,自然,34.0,737.0
山口県,歴史・文化,77.0,1817.0
山口県,温泉・健康,32.0,802.0
山口県,スポーツ・レク,65.0,1689.0
山口県,都市型観光,5.0,473.0
山口県,イベント,39.0,1171.0
徳島県,自然,16.0,483.0
徳島県,歴史・文化,50.0,1120.0
徳島県,温泉・健康,20.0,298.0
徳島県,スポーツ・レク,34.0,779.0
徳島県,都市型観光,21.0,1020.0
徳島県,イベント,20.0,734.0
香川県,自然,9.0,368.0
香川県,歴史・文化,59.0,2613.0
香川県,温泉・健康,18.0,461.0
香川県,スポーツ・レク,50.0,2122.0
香川県,都市型観光,12.0,838.0
香川県,イベント,7.0,418.0
愛媛県,自然,44.0,666.0
愛媛県,歴史・文化,64.0,1656.0
愛媛県,温泉・健康,26.0,743.0
愛媛県,スポーツ・レク,37.0,808.0
愛媛県,都市型観光,29.0,284.0
愛媛県,イベント,15.0,470.0
高知県,自然,15.0,254.0
高知県,歴史・文化,27.0,525.0
高知県,温泉・健康,13.0,154.0
高知県,スポーツ・レク,28.0,366.0
高知県,都市型観光,23.0,1858.0
高知県,イベント,9.0,333.0
福岡県,自然,36.0,788.0
福岡県,歴史・文化,135.0,6506.0
福岡県,温泉・健康,31.0,974.0
福岡県,スポーツ・レク,89.0,2723.0
福岡県,都市型観光,72.0,28877.0
福岡県,イベント,40.0,2659.0
佐賀県,自然,10.0,190.0
佐賀県,歴史・文化,34.0,1158.0
佐賀県,温泉・健康,16.0,465.0
佐賀県,スポーツ・レク,33.0,536.0
佐賀県,都市型観光,27.0,2629.0
佐賀県,イベント,10.0,1427.0
熊本県,自然,24.0,303.0
熊本県,歴史・文化,75.0,1090.0
熊本県,温泉・健康,44.0,1479.0
熊本県,スポーツ・レク,78.0,815.0
熊本県,都市型観光,59.0,2504.0
熊本県,イベント,15.0,424.0
大分県,自然,37.0,383.0
大分県,歴史・文化,88.0,1625.0
大分県,温泉・健康,48.0,1028.0
大分県,スポーツ・レク,73.0,1273.0
大分県,都市型観光,16.0,211.0
大分県,イベント,17.0,787.0
宮崎県,自然,18.0,395.0
宮崎県,歴史・文化,56.0,1456.0
宮崎県,温泉・健康,26.0,589.0
宮崎県,スポーツ・レク,81.0,1248.0
宮崎県,都市型観光,10.0,349.0
宮崎県,イベント,14.0,448.0
鹿児島県,自然,38.0,403.0
鹿児島県,歴史・文化,66.0,1344.0
鹿児島県,温泉・健康,48.0,667.0
鹿児島県,スポーツ・レク,99.0,2335.0
鹿児島県,都市型観光,41.0,1063.0
鹿児島県,イベント,20.0,662.0
北海道,自然,108.0,6560.0
北海道,歴史・文化,147.0,9805.0
北海道,温泉・健康,142.0,5017.0
北海道,スポーツ・レク,259.0,6646.0
北海道,都市型観光,79.0,7244.0
北海道,イベント,175.0,11296.0
青森県,自然,42.0,1721.0
青森県,歴史・文化,61.0,1851.0
青森県,温泉・健康,46.0,887.0
青森県,スポーツ・レク,71.0,1666.0
青森県,都市型観光,52.0,4605.0
青森県,イベント,71.0,9488.0
岩手県,自然,37.0,1541.0
岩手県,歴史・文化,62.0,1018.0
岩手県,温泉・健康,76.0,1408.0
岩手県,スポーツ・レク,55.0,706.0
岩手県,都市型観光,27.0,950.0
岩手県,イベント,59.0,2944.0
宮城県,自然,36.0,1350.0
宮城県,歴史・文化,80.0,2533.0
宮城県,温泉・健康,36.0,1423.0
宮城県,スポーツ・レク,65.0,1919.0
宮城県,都市型観光,53.0,2142.0
宮城県,イベント,61.0,5790.0
秋田県,自然,30.0,1387.0
秋田県,歴史・文化,52.0,961.0
秋田県,温泉・健康,63.0,1295.0
秋田県,スポーツ・レク,68.0,1427.0
秋田県,都市型観光,20.0,492.0
秋田県,イベント,63.0,5300.0
山形県,自然,39.0,1198.0
山形県,歴史・文化,76.0,2668.0
山形県,温泉・健康,47.0,2444.0
山形県,スポーツ・レク,69.0,1734.0
山形県,都市型観光,31.0,1327.0
山形県,イベント,45.0,4310.0
福島県,自然,46.0,1821.0
福島県,歴史・文化,77.0,2587.0
福島県,温泉・健康,46.0,1576.0
福島県,スポーツ・レク,60.0,3021.0
福島県,都市型観光,14.0,1163.0
福島県,イベント,22.0,929.0
茨城県,自然,16.0,1508.0
茨城県,歴史・文化,50.0,2031.0
茨城県,温泉・健康,17.0,483.0
茨城県,スポーツ・レク,59.0,3026.0
茨城県,都市型観光,12.0,2008.0
茨城県,イベント,63.0,5744.0
栃木県,自然,35.0,1853.0
栃木県,歴史・文化,91.0,4100.0
栃木県,温泉・健康,28.0,1308.0
栃木県,スポーツ・レク,117.0,3370.0
栃木県,都市型観光,20.0,2692.0
栃木県,イベント,41.0,2913.0
群馬県,自然,55.0,2702.0
群馬県,歴史・文化,96.0,2329.0
群馬県,温泉・健康,81.0,3633.0
群馬県,スポーツ・レク,119.0,2391.0
群馬県,都市型観光,27.0,1278.0
群馬県,イベント,66.0,5260.0
埼玉県,自然,47.0,2752.0
埼玉県,歴史・文化,124.0,3819.0
埼玉県,温泉・健康,30.0,1386.0
埼玉県,スポーツ・レク,180.0,5023.0
埼玉県,都市型観光,55.0,17279.0
埼玉県,イベント,129.0,11278.0
千葉県,自然,33.0,473.0
千葉県,歴史・文化,136.0,4907.0
千葉県,温泉・健康,26.0,1256.0
千葉県,スポーツ・レク,298.0,19033.0
千葉県,都市型観光,24.0,5875.0
千葉県,イベント,90.0,11521.0
東京都,自然,9.0,812.0
東京都,歴史・文化,301.0,19907.0
東京都,温泉・健康,36.0,6782.0
東京都,スポーツ・レク,176.0,36139.0
東京都,都市型観光,93.0,204235.0
東京都,イベント,131.0,18708.0
神奈川県,自然,41.0,8741.0
神奈川県,歴史・文化,137.0,9126.0
神奈川県,温泉・健康,10.0,329.0
神奈川県,スポーツ・レク,100.0,10847.0
神奈川県,都市型観光,6.0,866.0
神奈川県,イベント,76.0,11227.0
新潟県,自然,71.0,1461.787
新潟県,歴史・文化,165.0,3006.4979999999996
新潟県,温泉・健康,112.0,2473.7106
新潟県,スポーツ・レク,241.0,4498.351
新潟県,都市型観光,62.0,5054.471
新潟県,イベント,139.0,7494.837000000001
富山県,自然,35.0,1168.0
富山県,歴史・文化,90.0,1798.0
富山県,温泉・健康,21.0,628.0
富山県,スポーツ・レク,49.0,2106.0
富山県,都市型観光,6.0,1272.0
富山県,イベント,51.0,1844.0
福井県,自然,26.0,1427.0
福井県,歴史・文化,84.0,2824.0
福井県,温泉・健康,23.0,1059.0
福井県,スポーツ・レク,58.0,1645.0
福井県,都市型観光,17.0,571.0
福井県,イベント,22.0,1350.0
山梨県,自然,20.0,3093.0
山梨県,歴史・文化,86.0,3135.0
山梨県,温泉・健康,60.0,1673.0
山梨県,スポーツ・レク,87.0,3122.0
山梨県,都市型観光,31.0,1430.0
山梨県,イベント,31.0,1613.0
長野県,自然,64.0,4633.0
長野県,歴史・文化,75.0,5563.0
長野県,温泉・健康,81.0,4160.0
長野県,スポーツ・レク,94.0,2304.0
長野県,都市型観光,17.0,3995.0
長野県,イベント,57.0,3087.0
岐阜県,自然,38.0,1210.0
岐阜県,歴史・文化,97.0,4005.0
岐阜県,温泉・健康,55.0,2370.0
岐阜県,スポーツ・レク,154.0,3404.0
岐阜県,都市型観光,27.0,3066.0
岐阜県,イベント,64.0,3402.0
静岡県,自然,52.0,4025.0
静岡県,歴史・文化,185.0,5200.0
静岡県,温泉・健康,48.0,1176.0
静岡県,スポーツ・レク,239.0,8100.0
静岡県,都市型観光,43.0,5774.0
静岡県,イベント,143.0,7771.0
愛知県,自然,37.0,2029.7906101267179
愛知県,歴史・文化,134.0,7877.331
愛知県,温泉・健康,20.0,690.044
愛知県,スポーツ・レク,119.0,7828.143
愛知県,都市型観光,42.0,7399.8189999999995
愛知県,イベント,69.0,12498.56
三重県,自然,36.0,782.0
三重県,歴史・文化,71.0,3831.0
三重県,温泉・健康,29.0,1756.0
三重県,スポーツ・レク,130.0,9698.0
三重県,都市型観光,24.0,1113.0
三重県,イベント,35.0,2283.0
滋賀県,自然,21.0,327.0
滋賀県,歴史・文化,111.0,2456.0
滋賀県,温泉・健康,21.0,372.0
滋賀県,スポーツ・レク,114.0,2921.0
滋賀県,都市型観光,28.0,1958.0
滋賀県,イベント,34.0,1444.0
京都府,自然,14.0,171.0
京都府,歴史・文化,76.0,13434.0
京都府,温泉・健康,19.0,751.0
京都府,スポーツ・レク,77.0,2894.0
京都府,都市型観光,8.0,338.0
京都府,イベント,15.0,544.0
兵庫県,自然,79.0,1078.0
兵庫県,歴史・文化,294.0,7192.0
兵庫県,温泉・健康,74.0,2108.0
兵庫県,スポーツ・レク,362.0,9794.0
兵庫県,都市型観光,44.0,3233.0
兵庫県,イベント,77.0,5069.0
奈良県,自然,25.0,789.0
奈良県,歴史・文化,94.0,5034.0
奈良県,温泉・健康,27.0,537.0
奈良県,スポーツ・レク,22.0,492.0
奈良県,都市型観光,5.0,85.0
奈良県,イベント,21.0,1487.0
和歌山県,自然,20.0,241.0
和歌山県,歴史・文化,40.0,1688.0
和歌山県,温泉・健康,12.0,244.0
和歌山県,スポーツ・レク,32.0,2745.0
和歌山県,都市型観光,6.0,257.0
和歌山県,イベント,17.0,957.0
鳥取県,自然,10.0,538.0
鳥取県,歴史・文化,36.0,952.0
鳥取県,温泉・健康,19.0,612.0
鳥取県,スポーツ・レク,27.0,385.0
鳥取県,都市型観光,17.0,1842.0
鳥取県,イベント,18.0,796.0
島根県,自然,18.0,734.0
島根県,歴史・文化,74.0,3844.0
島根県,温泉・健康,24.0,638.0
島根県,スポーツ・レク,37.0,652.0
島根県,都市型観光,10.0,465.0
島根県,イベント,13.0,968.0
岡山県,自然,17.0,205.0
岡山県,歴史・文化,107.0,1480.0
岡山県,温泉・健康,29.0,673.0
岡山県,スポーツ・レク,63.0,1717.0
岡山県,都市型観光,45.0,1431.0
岡山県,イベント,40.0,2549.0
広島県,自然,23.0,657.0
広島県,歴史・文化,89.0,3777.0
広島県,温泉・健康,30.0,642.0
広島県,スポーツ・レク,95.0,2703.0
広島県,都市型観光,18.0,1335.0
広島県,イベント,42.0,4324.0
山口県,自然,34.0,1070.0
山口県,歴史・文化,77.0,1763.0
山口県,温泉・健康,32.0,919.0
山口県,スポーツ・レク,65.0,2042.0
山口県,都市型観光,5.0,551.0
山口県,イベント,29.0,2047.0
徳島県,自然,16.0,577.0
徳島県,歴史・文化,50.0,1309.0
徳島県,温泉・健康,20.0,303.0
徳島県,スポーツ・レク,34.0,865.0
徳島県,都市型観光,21.0,1042.0
徳島県,イベント,23.0,2227.0
香川県,自然,9.0,379.0
香川県,歴史・文化,59.0,1867.0
香川県,温泉・健康,18.0,548.0
香川県,スポーツ・レク,50.0,2137.0
香川県,都市型観光,12.0,1022.0
香川県,イベント,19.0,1221.0
愛媛県,自然,44.0,683.0
愛媛県,歴史・文化,64.0,1496.0
愛媛県,温泉・健康,26.0,809.0
愛媛県,スポーツ・レク,37.0,1071.0
愛媛県,都市型観光,29.0,339.0
愛媛県,イベント,38.0,1877.0
高知県,自然,15.0,331.0
高知県,歴史・文化,27.0,596.0
高知県,温泉・健康,13.0,181.0
高知県,スポーツ・レク,28.0,401.0
高知県,都市型観光,23.0,1872.0
高知県,イベント,22.0,1546.0
福岡県,自然,36.0,771.0
福岡県,歴史・文化,135.0,6227.0
福岡県,温泉・健康,31.0,1038.0
福岡県,スポーツ・レク,89.0,3678.0
福岡県,都市型観光,72.0,31667.0
福岡県,イベント,45.0,4477.0
佐賀県,自然,14.0,224.0
佐賀県,歴史・文化,33.0,882.0
佐賀県,温泉・健康,16.0,452.0
佐賀県,スポーツ・レク,40.0,589.0
佐賀県,都市型観光,27.0,2646.0
佐賀県,イベント,25.0,1136.0
熊本県,自然,24.0,525.0
熊本県,歴史・文化,75.0,1594.0
熊本県,温泉・健康,44.0,1238.0
熊本県,スポーツ・レク,78.0,1368.0
熊本県,都市型観光,59.0,3004.0
熊本県,イベント,38.0,1559.0
大分県,自然,37.0,630.0
大分県,歴史・文化,88.0,2581.0
大分県,温泉・健康,48.0,2309.0
大分県,スポーツ・レク,73.0,2105.0
大分県,都市型観光,16.0,293.0
大分県,イベント,35.0,1309.0
宮崎県,自然,18.0,439.0
宮崎県,歴史・文化,56.0,1591.0
宮崎県,温泉・健康,26.0,640.0
宮崎県,スポーツ・レク,81.0,1875.0
宮崎県,都市型観光,10.0,294.0
宮崎県,イベント,30.0,828.0
鹿児島県,自然,38.0,413.0
鹿児島県,歴史・文化,66.0,1832.0
鹿児島県,温泉・健康,48.0,677.0
鹿児島県,スポーツ・レク,99.0,2354.0
鹿児島県,都市型観光,41.0,1126.0
鹿児島県,イベント,40.0,1313.0
北海道,自然,110.0,2694.0
北海道,歴史・文化,149.0,3839.0
北海道,温泉・健康,145.0,3408.0
北海道,スポーツ・レク,263.0,2948.0
北海道,都市型観光,77.0,5126.0
北海道,イベント,35.0,457.0
青森県,自然,42.0,662.0
青森県,歴史・文化,61.0,1062.0
青森県,温泉・健康,46.0,803.0
青森県,スポーツ・レク,71.0,628.0
青森県,都市型観光,52.0,3468.0
青森県,イベント,22.0,740.0
岩手県,自然,37.0,866.0
岩手県,歴史・文化,62.0,669.0
岩手県,温泉・健康,76.0,1457.0
岩手県,スポーツ・レク,55.0,438.0
岩手県,都市型観光,27.0,729.0
岩手県,イベント,35.0,1039.0
宮城県,自然,36.0,1090.0
宮城県,歴史・文化,80.0,2056.0
宮城県,温泉・健康,36.0,1664.0
宮城県,スポーツ・レク,65.0,1386.0
宮城県,都市型観光,53.0,1934.0
宮城県,イベント,43.0,4501.0
秋田県,自然,30.0,914.0
秋田県,歴史・文化,52.0,609.0
秋田県,温泉・健康,63.0,1170.0
秋田県,スポーツ・レク,68.0,594.0
秋田県,都市型観光,20.0,381.0
秋田県,イベント,25.0,1427.0
山形県,自然,39.0,572.0
山形県,歴史・文化,76.0,1849.0
山形県,温泉・健康,47.0,2219.0
山形県,スポーツ・レク,69.0,703.0
山形県,都市型観光,31.0,954.0
山形県,イベント,16.0,742.0
福島県,自然,46.0,2220.0
福島県,歴史・文化,77.0,2131.0
福島県,温泉・健康,46.0,1574.0
福島県,スポーツ・レク,60.0,1713.0
福島県,都市型観光,14.0,922.0
福島県,イベント,22.0,929.0
茨城県,自然,16.0,2502.0
茨城県,歴史・文化,50.0,2825.0
茨城県,温泉・健康,17.0,489.0
茨城県,スポーツ・レク,59.0,2560.0
茨城県,都市型観光,12.0,2121.0
茨城県,イベント,58.0,3143.0
栃木県,自然,35.0,2396.0
栃木県,歴史・文化,91.0,4958.0
栃木県,温泉・健康,28.0,1239.0
栃木県,スポーツ・レク,117.0,2922.0
栃木県,都市型観光,20.0,2817.0
栃木県,イベント,38.0,2028.0
群馬県,自然,55.0,2037.0
群馬県,歴史・文化,96.0,2287.0
群馬県,温泉・健康,81.0,3453.0
群馬県,スポーツ・レク,119.0,2608.0
群馬県,都市型観光,27.0,1237.0
群馬県,イベント,53.0,2524.0
埼玉県,自然,47.0,2116.0
埼玉県,歴史・文化,124.0,5409.0
埼玉県,温泉・健康,30.0,1349.0
埼玉県,スポーツ・レク,180.0,3931.0
埼玉県,都市型観光,55.0,16690.0
埼玉県,イベント,206.0,11056.0
千葉県,自然,33.0,262.0
千葉県,歴史・文化,136.0,5343.0
千葉県,温泉・健康,26.0,1041.0
千葉県,スポーツ・レク,298.0,17406.0
千葉県,都市型観光,24.0,5876.0
千葉県,イベント,83.0,5948.0
東京都,自然,9.0,1211.0
東京都,歴史・文化,301.0,17174.0
東京都,温泉・健康,36.0,7185.0
東京都,スポーツ・レク,176.0,36039.0
東京都,都市型観光,93.0,203444.0
東京都,イベント,130.0,18784.0
神奈川県,自然,41.0,7085.0
神奈川県,歴史・文化,137.0,8548.0
神奈川県,温泉・健康,10.0,223.0
神奈川県,スポーツ・レク,100.0,9362.0
神奈川県,都市型観光,6.0,814.0
神奈川県,イベント,67.0,3947.0
新潟県,自然,71.0,1291.539
新潟県,歴史・文化,165.0,2455.424
新潟県,温泉・健康,112.0,2293.69
新潟県,スポーツ・レク,241.0,2128.099
新潟県,都市型観光,62.0,4625.4890000000005
新潟県,イベント,87.0,2069.43
富山県,自然,35.0,570.0
富山県,歴史・文化,90.0,1629.0
富山県,温泉・健康,21.0,597.0
富山県,スポーツ・レク,49.0,1264.0
富山県,都市型観光,6.0,1300.0
富山県,イベント,25.0,760.0
福井県,自然,26.0,1353.0
福井県,歴史・文化,84.0,2154.0
福井県,温泉・健康,23.0,628.0
福井県,スポーツ・レク,58.0,835.0
福井県,都市型観光,17.0,672.0
福井県,イベント,15.0,479.0
山梨県,自然,20.0,1699.0
山梨県,歴史・文化,86.0,2055.0
山梨県,温泉・健康,60.0,1306.0
山梨県,スポーツ・レク,87.0,2410.0
山梨県,都市型観光,31.0,1077.0
山梨県,イベント,24.0,837.0
長野県,自然,64.0,1544.0
長野県,歴史・文化,75.0,4694.0
長野県,温泉・健康,81.0,3507.0
長野県,スポーツ・レク,94.0,1718.0
長野県,都市型観光,17.0,2721.0
長野県,イベント,31.0,1676.0
岐阜県,自然,38.0,808.0
岐阜県,歴史・文化,97.0,4508.0
岐阜県,温泉・健康,55.0,2232.0
岐阜県,スポーツ・レク,154.0,3178.0
岐阜県,都市型観光,27.0,3007.0
岐阜県,イベント,74.0,3107.0
静岡県,自然,52.0,3477.0
静岡県,歴史・文化,185.0,4761.0
静岡県,温泉・健康,48.0,959.0
静岡県,スポーツ・レク,239.0,4625.0
静岡県,都市型観光,43.0,5320.0
静岡県,イベント,119.0,5270.0
愛知県,自然,37.0,1947.2059782429396
愛知県,歴史・文化,134.0,7708.31
愛知県,温泉・健康,20.0,681.578
愛知県,スポーツ・レク,119.0,6450.941999999999
愛知県,都市型観光,42.0,6732.218
愛知県,イベント,70.0,8114.521000000001
三重県,自然,36.0,533.0
三重県,歴史・文化,71.0,4032.0
三重県,温泉・健康,29.0,1648.0
三重県,スポーツ・レク,130.0,7855.0
三重県,都市型観光,24.0,1193.0
三重県,イベント,23.0,886.0
滋賀県,自然,21.0,214.0
滋賀県,歴史・文化,111.0,2868.0
滋賀県,温泉・健康,21.0,332.0
滋賀県,スポーツ・レク,114.0,2305.0
滋賀県,都市型観光,28.0,1755.0
滋賀県,イベント,25.0,786.0
京都府,自然,14.0,167.0
京都府,歴史・文化,76.0,15712.0
京都府,温泉・健康,19.0,728.0
京都府,スポーツ・レク,77.0,2282.0
京都府,都市型観光,8.0,300.0
京都府,イベント,17.0,724.0
兵庫県,自然,79.0,703.0
兵庫県,歴史・文化,292.0,7491.0
兵庫県,温泉・健康,74.0,2124.0
兵庫県,スポーツ・レク,352.0,8175.0
兵庫県,都市型観光,44.0,9605.0
兵庫県,イベント,117.0,8278.0
奈良県,自然,25.0,844.0
奈良県,歴史・文化,94.0,6403.0
奈良県,温泉・健康,27.0,392.0
奈良県,スポーツ・レク,22.0,305.0
奈良県,都市型観光,5.0,189.0
奈良県,イベント,20.0,1086.0
和歌山県,自然,20.0,155.0
和歌山県,歴史・文化,41.0,1956.0
和歌山県,温泉・健康,12.0,212.0
和歌山県,スポーツ・レク,33.0,1515.0
和歌山県,都市型観光,6.0,234.0
和歌山県,イベント,17.0,449.0
鳥取県,自然,10.0,343.0
鳥取県,歴史・文化,36.0,781.0
鳥取県,温泉・健康,19.0,549.0
鳥取県,スポーツ・レク,27.0,157.0
鳥取県,都市型観光,17.0,1453.0
鳥取県,イベント,5.0,181.0
島根県,自然,18.0,486.0
島根県,歴史・文化,75.0,3440.0
島根県,温泉・健康,24.0,635.0
島根県,スポーツ・レク,38.0,335.0
島根県,都市型観光,10.0,491.0
島根県,イベント,12.0,365.0
岡山県,自然,17.0,120.0
岡山県,歴史・文化,107.0,1435.0
岡山県,温泉・健康,29.0,518.0
岡山県,スポーツ・レク,63.0,1336.0
岡山県,都市型観光,45.0,1361.0
岡山県,イベント,46.0,2684.0
広島県,自然,23.0,665.0
広島県,歴史・文化,90.0,3610.0
広島県,温泉・健康,30.0,651.0
広島県,スポーツ・レク,95.0,2430.0
広島県,都市型観光,18.0,1110.0
広島県,イベント,37.0,3871.0
山口県,自然,34.0,838.0
山口県,歴史・文化,77.0,1862.0
山口県,温泉・健康,32.0,858.0
山口県,スポーツ・レク,65.0,1439.0
山口県,都市型観光,5.0,541.0
山口県,イベント,38.0,1285.0
徳島県,自然,16.0,361.0
徳島県,歴史・文化,50.0,1174.0
徳島県,温泉・健康,20.0,295.0
徳島県,スポーツ・レク,34.0,723.0
徳島県,都市型観光,21.0,1010.0
徳島県,イベント,17.0,1069.0
香川県,自然,9.0,428.0
香川県,歴史・文化,59.0,2030.0
香川県,温泉・健康,18.0,496.0
香川県,スポーツ・レク,50.0,1647.0
香川県,都市型観光,12.0,960.0
香川県,イベント,8.0,140.0
愛媛県,自然,44.0,478.0
愛媛県,歴史・文化,64.0,1416.0
愛媛県,温泉・健康,26.0,754.0
愛媛県,スポーツ・レク,37.0,688.0
愛媛県,都市型観光,29.0,294.0
愛媛県,イベント,21.0,643.0
高知県,自然,15.0,218.56400000000002
高知県,歴史・文化,27.0,462.79099999999994
高知県,温泉・健康,13.0,158.53
高知県,スポーツ・レク,28.0,338.74
高知県,都市型観光,23.0,1803.5030000000002
高知県,イベント,10.0,254.72199999999998
福岡県,自然,36.0,669.0
福岡県,歴史・文化,135.0,6138.0
福岡県,温泉・健康,31.0,1091.0
福岡県,スポーツ・レク,89.0,2510.0
福岡県,都市型観光,72.0,30224.0
福岡県,イベント,59.0,2351.0
佐賀県,自然,14.0,144.0
佐賀県,歴史・文化,33.0,1186.0
佐賀県,温泉・健康,16.0,448.0
佐賀県,スポーツ・レク,40.0,592.0
佐賀県,都市型観光,27.0,2859.0
佐賀県,イベント,26.0,2990.0
熊本県,自然,24.0,329.0
熊本県,歴史・文化,75.0,1934.0
熊本県,温泉・健康,44.0,1347.0
熊本県,スポーツ・レク,78.0,1046.0
熊本県,都市型観光,59.0,2984.0
熊本県,イベント,48.0,1355.0
大分県,自然,37.0,755.0
大分県,歴史・文化,88.0,2792.0
大分県,温泉・健康,48.0,2200.0
大分県,スポーツ・レク,73.0,1601.0
大分県,都市型観光,16.0,305.0
大分県,イベント,27.0,1124.0
宮崎県,自然,18.0,578.0
宮崎県,歴史・文化,56.0,1488.0
宮崎県,温泉・健康,26.0,637.0
宮崎県,スポーツ・レク,81.0,1199.0
宮崎県,都市型観光,10.0,298.0
宮崎県,イベント,32.0,804.0
鹿児島県,自然,38.0,510.0
鹿児島県,歴史・文化,66.0,1639.0
鹿児島県,温泉・健康,48.0,584.0
鹿児島県,スポーツ・レク,99.0,2028.491
鹿児島県,都市型観光,41.0,1093.127
鹿児島県,イベント,34.0,1067.5049999999999
北海道,自然,111.0,1742.0
北海道,歴史・文化,147.0,4031.0
北海道,温泉・健康,146.0,3798.0
北海道,スポーツ・レク,260.0,5397.0
北海道,都市型観光,79.0,4142.0
北海道,イベント,40.0,7517.0
青森県,自然,35.0,153.0
青森県,歴史・文化,46.0,526.0
青森県,温泉・健康,40.0,743.0
青森県,スポーツ・レク,64.0,611.0
青森県,都市型観光,46.0,2257.0
青森県,イベント,9.0,872.0
岩手県,自然,38.0,476.0
岩手県,歴史・文化,65.0,637.0
岩手県,温泉・健康,73.0,1333.0
岩手県,スポーツ・レク,53.0,741.0
岩手県,都市型観光,27.0,480.0
岩手県,イベント,11.0,719.0
宮城県,自然,36.0,530.0
宮城県,歴史・文化,80.0,3421.0
宮城県,温泉・健康,36.0,1390.0
宮城県,スポーツ・レク,66.0,922.0
宮城県,都市型観光,53.0,1679.0
宮城県,イベント,20.0,775.0
秋田県,自然,28.0,135.0
秋田県,歴史・文化,52.0,293.0
秋田県,温泉・健康,61.0,964.0
秋田県,スポーツ・レク,68.0,658.0
秋田県,都市型観光,20.0,212.0
秋田県,イベント,18.0,839.0
山形県,自然,39.0,307.0
山形県,歴史・文化,76.0,1333.0
山形県,温泉・健康,50.0,1998.0
山形県,スポーツ・レク,68.0,1071.0
山形県,都市型観光,28.0,716.0
山形県,イベント,15.0,1016.0
福島県,自然,45.0,389.0
福島県,歴史・文化,80.0,1559.0
福島県,温泉・健康,48.0,1501.0
福島県,スポーツ・レク,69.0,2307.0
福島県,都市型観光,15.0,740.0
福島県,イベント,15.0,735.0
茨城県,自然,15.0,1162.0
茨城県,歴史・文化,52.0,2544.0
茨城県,温泉・健康,17.0,527.0
茨城県,スポーツ・レク,58.0,2160.0
茨城県,都市型観光,12.0,1875.0
茨城県,イベント,33.0,3614.0
栃木県,自然,39.0,1265.0
栃木県,歴史・文化,103.0,4515.0
栃木県,温泉・健康,32.0,1308.0
栃木県,スポーツ・レク,138.0,2770.0
栃木県,都市型観光,20.0,2856.0
栃木県,イベント,17.0,702.0
群馬県,自然,54.0,819.0
群馬県,歴史・文化,98.0,2178.0
群馬県,温泉・健康,79.0,3584.0
群馬県,スポーツ・レク,114.0,2991.0
群馬県,都市型観光,29.0,1121.0
群馬県,イベント,35.0,1213.0
埼玉県,自然,49.0,1626.0
埼玉県,歴史・文化,125.0,5324.0
埼玉県,温泉・健康,30.0,1381.0
埼玉県,スポーツ・レク,180.0,3246.0
埼玉県,都市型観光,51.0,16195.0
埼玉県,イベント,97.0,7282.0
千葉県,自然,32.0,1381.0
千葉県,歴史・文化,138.0,10866.0
千葉県,温泉・健康,26.0,1168.0
千葉県,スポーツ・レク,290.0,15538.0
千葉県,都市型観光,28.0,5867.0
千葉県,イベント,57.0,4844.0
東京都,自然,9.0,572.0
東京都,歴史・文化,303.0,17800.0
東京都,温泉・健康,35.0,9571.0
東京都,スポーツ・レク,174.0,37983.0
東京都,都市型観光,93.0,205236.0
東京都,イベント,85.0,9025.0
神奈川県,自然,40.0,5650.0
神奈川県,歴史・文化,137.0,21629.0
神奈川県,温泉・健康,11.0,318.0
神奈川県,スポーツ・レク,102.0,9713.0
神奈川県,都市型観光,8.0,956.0
神奈川県,イベント,43.0,8955.0
新潟県,自然,68.0,337.0
新潟県,歴史・文化,161.0,1786.0
新潟県,温泉・健康,110.0,2360.0
新潟県,スポーツ・レク,239.0,4768.0
新潟県,都市型観光,58.0,2489.0
新潟県,イベント,66.0,2400.0
富山県,自然,26.0,246.0
富山県,歴史・文化,76.0,968.0
富山県,温泉・健康,20.0,406.0
富山県,スポーツ・レク,43.0,907.0
富山県,都市型観光,8.0,1471.0
富山県,イベント,20.0,517.0
福井県,自然,26.0,523.0
福井県,歴史・文化,91.0,1592.0
福井県,温泉・健康,23.0,583.0
福井県,スポーツ・レク,62.0,896.0
福井県,都市型観光,18.0,418.0
福井県,イベント,5.0,197.0
山梨県,自然,19.0,875.0
山梨県,歴史・文化,89.0,2108.0
山梨県,温泉・健康,61.0,1267.0
山梨県,スポーツ・レク,87.0,1726.0
山梨県,都市型観光,31.0,672.0
山梨県,イベント,9.0,349.0
長野県,自然,62.0,1733.0
長野県,歴史・文化,78.0,2747.0
長野県,温泉・健康,79.0,2997.0
長野県,スポーツ・レク,94.0,4427.0
長野県,都市型観光,17.0,2093.0
長野県,イベント,13.0,1278.0
岐阜県,自然,41.0,333.0
岐阜県,歴史・文化,96.0,4777.0
岐阜県,温泉・健康,55.0,2451.0
岐阜県,スポーツ・レク,157.0,3258.0
岐阜県,都市型観光,29.0,2457.0
岐阜県,イベント,22.0,566.0
愛知県,自然,30.0,605.0
愛知県,歴史・文化,142.0,15576.0
愛知県,温泉・健康,21.0,776.0
愛知県,スポーツ・レク,133.0,5558.0
愛知県,都市型観光,35.0,4356.0
愛知県,イベント,32.0,2250.0
三重県,自然,34.0,310.0
三重県,歴史・文化,72.0,7437.0
三重県,温泉・健康,27.0,1575.0
三重県,スポーツ・レク,128.0,7929.0
三重県,都市型観光,23.0,918.0
三重県,イベント,10.0,327.0
滋賀県,自然,19.0,79.0
滋賀県,歴史・文化,107.0,3542.0
滋賀県,温泉・健康,21.0,358.0
滋賀県,スポーツ・レク,115.0,1769.0
滋賀県,都市型観光,29.0,1353.0
滋賀県,イベント,13.0,833.0
京都府,自然,14.0,167.0
京都府,歴史・文化,76.0,15712.0
京都府,温泉・健康,18.0,683.0
京都府,スポーツ・レク,74.0,2276.0
京都府,都市型観光,7.0,253.0
京都府,イベント,15.0,706.0
兵庫県,自然,80.0,1592.0
兵庫県,歴史・文化,295.0,15317.0
兵庫県,温泉・健康,74.0,2267.0
兵庫県,スポーツ・レク,363.0,8271.0
兵庫県,都市型観光,43.0,23623.0
兵庫県,イベント,45.0,4775.0
奈良県,自然,25.0,392.0
奈良県,歴史・文化,95.0,6805.0
奈良県,温泉・健康,27.0,387.0
奈良県,スポーツ・レク,23.0,259.0
奈良県,都市型観光,4.0,37.0
奈良県,イベント,15.0,3397.0
和歌山県,自然,18.0,148.0
和歌山県,歴史・文化,39.0,2742.0
和歌山県,温泉・健康,11.0,209.0
和歌山県,スポーツ・レク,30.0,923.0
和歌山県,都市型観光,6.0,177.0
和歌山県,イベント,7.0,90.0
鳥取県,自然,10.0,256.0
鳥取県,歴史・文化,36.0,574.0
鳥取県,温泉・健康,19.0,526.0
鳥取県,スポーツ・レク,27.0,274.0
鳥取県,都市型観光,17.0,1079.0
鳥取県,イベント,5.0,143.0
島根県,自然,18.0,284.0
島根県,歴史・文化,74.0,3981.0
島根県,温泉・健康,23.0,566.0
島根県,スポーツ・レク,36.0,369.0
島根県,都市型観光,11.0,361.0
島根県,イベント,5.0,310.0
岡山県,自然,18.0,81.0
岡山県,歴史・文化,106.0,1231.0
岡山県,温泉・健康,28.0,554.0
岡山県,スポーツ・レク,66.0,1224.0
岡山県,都市型観光,45.0,934.0
岡山県,イベント,19.0,951.0
広島県,自然,22.0,266.0
広島県,歴史・文化,90.0,3322.0
広島県,温泉・健康,30.0,642.0
広島県,スポーツ・レク,97.0,1842.0
広島県,都市型観光,17.0,887.0
広島県,イベント,19.0,1889.0
山口県,自然,33.0,742.0
山口県,歴史・文化,82.0,1921.0
山口県,温泉・健康,31.0,893.0
山口県,スポーツ・レク,67.0,1302.0
山口県,都市型観光,6.0,570.0
山口県,イベント,19.0,816.0
徳島県,自然,16.0,260.0
徳島県,歴史・文化,39.0,1533.0
徳島県,温泉・健康,20.0,321.0
徳島県,スポーツ・レク,32.0,595.0
徳島県,都市型観光,21.0,839.0
徳島県,イベント,11.0,491.0
香川県,自然,9.0,225.0
香川県,歴史・文化,61.0,2817.0
香川県,温泉・健康,18.0,539.0
香川県,スポーツ・レク,52.0,1190.0
香川県,都市型観光,11.0,734.0
香川県,イベント,5.0,144.0
愛媛県,自然,44.0,351.0
愛媛県,歴史・文化,64.0,1297.0
愛媛県,温泉・健康,26.0,824.0
愛媛県,スポーツ・レク,37.0,717.0
愛媛県,都市型観光,29.0,241.0
愛媛県,イベント,8.0,86.0
福岡県,自然,42.0,684.0
福岡県,歴史・文化,154.0,12282.0
福岡県,温泉・健康,32.0,1154.0
福岡県,スポーツ・レク,104.0,2073.0
福岡県,都市型観光,66.0,29733.0
福岡県,イベント,35.0,1976.0
佐賀県,自然,14.0,99.0
佐賀県,歴史・文化,32.0,2516.0
佐賀県,温泉・健康,15.0,442.0
佐賀県,スポーツ・レク,34.0,418.0
佐賀県,都市型観光,27.0,2726.0
佐賀県,イベント,13.0,442.0
熊本県,自然,24.0,327.0
熊本県,歴史・文化,71.0,2229.0
熊本県,温泉・健康,44.0,1558.0
熊本県,スポーツ・レク,76.0,1119.0
熊本県,都市型観光,58.0,2599.0
熊本県,イベント,39.0,1236.0
大分県,自然,37.0,293.0
大分県,歴史・文化,93.0,3404.0
大分県,温泉・健康,49.0,1428.0
大分県,スポーツ・レク,74.0,1503.0
大分県,都市型観光,16.0,222.0
大分県,イベント,13.0,472.0
宮崎県,自然,18.0,469.0
宮崎県,歴史・文化,56.0,2778.0
宮崎県,温泉・健康,27.0,899.0
宮崎県,スポーツ・レク,78.0,1067.0
宮崎県,都市型観光,10.0,298.0
宮崎県,イベント,24.0,816.0
鹿児島県,自然,38.0,297.0
鹿児島県,歴史・文化,66.0,2406.0
鹿児島県,温泉・健康,48.0,749.0
鹿児島県,スポーツ・レク,99.0,1791.0
鹿児島県,都市型観光,41.0,935.0
鹿児島県,イベント,23.0,1657.0
北海道,自然,111.0,3820.844304666225
北海道,歴史・文化,146.0,7608.166806419802
北海道,温泉・健康,146.0,3585.232843510777
北海道,スポーツ・レク,264.0,4934.8795
北海道,都市型観光,78.0,6516.155
北海道,イベント,56.0,5336.651
青森県,自然,37.0,886.31
青森県,歴史・文化,60.0,1974.5729999999999
青森県,温泉・健康,43.0,782.8420000000001
青森県,スポーツ・レク,71.0,1272.193
青森県,都市型観光,54.0,3583.49
青森県,イベント,30.0,4053.085
岩手県,自然,38.0,1264.113
岩手県,歴史・文化,65.0,937.6670000000001
岩手県,温泉・健康,73.0,1300.0439999999999
岩手県,スポーツ・レク,53.0,599.5930000000001
岩手県,都市型観光,27.0,798.453
岩手県,イベント,31.0,1527.7440000000001
宮城県,自然,36.0,995.9875
宮城県,歴史・文化,80.0,2753.834
宮城県,温泉・健康,36.0,1391.017
宮城県,スポーツ・レク,65.0,1899.24
宮城県,都市型観光,53.0,2089.6820000000002
宮城県,イベント,37.0,2860.6349999999998
秋田県,自然,28.0,945.056726960602
秋田県,歴史・文化,52.0,944.193
秋田県,温泉・健康,61.0,1065.5529999999999
秋田県,スポーツ・レク,68.0,1098.356
秋田県,都市型観光,20.0,396.86699999999996
秋田県,イベント,40.0,2915.317
山形県,自然,39.0,1199.4
山形県,歴史・文化,76.0,2454.7
山形県,温泉・健康,50.0,1984.155
山形県,スポーツ・レク,68.0,1334.4250000000002
山形県,都市型観光,29.0,1043.522
山形県,イベント,17.0,948.137
福島県,自然,45.0,2177.8089
福島県,歴史・文化,80.0,3278.166
福島県,温泉・健康,48.0,1517.808
福島県,スポーツ・レク,69.0,2409.342
福島県,都市型観光,15.0,986.913
福島県,イベント,20.0,652.658
茨城県,自然,15.0,2368.4
茨城県,歴史・文化,52.0,3020.6000000000004
茨城県,温泉・健康,17.0,479.2
茨城県,スポーツ・レク,58.0,2858.0
茨城県,都市型観光,12.0,2191.2
茨城県,イベント,39.0,1995.2999999999997
栃木県,自然,39.0,2098.5983
栃木県,歴史・文化,103.0,5770.66216
栃木県,温泉・健康,32.0,1352.9170962095227
栃木県,スポーツ・レク,138.0,3773.202
栃木県,都市型観光,20.0,3186.098
栃木県,イベント,31.0,1797.4279999999999
群馬県,自然,54.0,1969.358
群馬県,歴史・文化,98.0,2648.533
群馬県,温泉・健康,79.0,3155.758
群馬県,スポーツ・レク,114.0,3427.78
群馬県,都市型観光,29.0,1344.738
群馬県,イベント,48.0,1594.5590000000002
埼玉県,自然,49.0,4158.8724999999995
埼玉県,歴史・文化,125.0,5138.124
埼玉県,温泉・健康,30.0,1237.4
埼玉県,スポーツ・レク,180.0,4675.221
埼玉県,都市型観光,51.0,16544.4485
埼玉県,イベント,139.0,6096.735
千葉県,自然,32.0,882.575
千葉県,歴史・文化,138.0,5844.1082
千葉県,温泉・健康,26.0,1070.868
千葉県,スポーツ・レク,290.0,16650.0559
千葉県,都市型観光,28.0,6063.6759999999995
千葉県,イベント,68.0,5555.4130000000005
東京都,自然,9.0,759.1551704788599
東京都,歴史・文化,303.0,22285.67002280763
東京都,温泉・健康,35.0,6178.55941149426
東京都,スポーツ・レク,174.0,38347.07394670133
東京都,都市型観光,93.0,210112.01100204483
東京都,イベント,107.0,14225.529001416577
神奈川県,自然,40.0,5739.3927150402715
神奈川県,歴史・文化,137.0,12099.992761000001
神奈川県,温泉・健康,11.0,332.890825
神奈川県,スポーツ・レク,102.0,12487.910375
神奈川県,都市型観光,8.0,984.279
神奈川県,イベント,73.0,9395.867
新潟県,自然,68.0,1217.249
新潟県,歴史・文化,161.0,2505.522
新潟県,温泉・健康,110.0,2119.4970000000003
新潟県,スポーツ・レク,239.0,2194.597
新潟県,都市型観光,58.0,4555.668
新潟県,イベント,108.0,4713.947
富山県,自然,26.0,980.99065
富山県,歴史・文化,76.0,1626.832
富山県,温泉・健康,20.0,412.14700000000005
富山県,スポーツ・レク,43.0,2225.246
富山県,都市型観光,8.0,1494.463
富山県,イベント,37.0,1878.184
福井県,自然,26.0,1341.677
福井県,歴史・文化,91.0,2627.069
福井県,温泉・健康,23.0,554.201
福井県,スポーツ・レク,62.0,1362.833
福井県,都市型観光,18.0,542.004
福井県,イベント,17.0,1225.49
山梨県,自然,19.0,2501.755
山梨県,歴史・文化,89.0,2360.128
山梨県,温泉・健康,61.0,1328.701
山梨県,スポーツ・レク,87.0,2842.159
山梨県,都市型観光,31.0,1072.818
山梨県,イベント,29.0,902.0099999999999
長野県,自然,62.0,2122.17
長野県,歴史・文化,78.0,5020.595
長野県,温泉・健康,79.0,3100.5261
長野県,スポーツ・レク,94.0,1770.807
長野県,都市型観光,17.0,2938.533
長野県,イベント,25.0,2099.662
岐阜県,自然,41.0,915.3820000000001
岐阜県,歴史・文化,96.0,4610.583
岐阜県,温泉・健康,55.0,2147.25
岐阜県,スポーツ・レク,157.0,3633.389
岐阜県,都市型観光,29.0,3019.4320000000002
岐阜県,イベント,57.0,3028.8930000000005
愛知県,自然,30.0,1185.639633644662
愛知県,歴史・文化,142.0,8927.946
愛知県,温泉・健康,21.0,700.158
愛知県,スポーツ・レク,133.0,8290.372
愛知県,都市型観光,35.0,4491.0
愛知県,イベント,60.0,7300.479
三重県,自然,34.0,738.3188909340961
三重県,歴史・文化,72.0,4200.747
三重県,温泉・健康,27.0,1480.1887427175657
三重県,スポーツ・レク,128.0,8945.336054880514
三重県,都市型観光,23.0,1053.664
三重県,イベント,22.0,613.643
滋賀県,自然,21.0,365.20000000000005
滋賀県,歴史・文化,112.0,2892.7999999999997
滋賀県,温泉・健康,22.0,365.1
滋賀県,スポーツ・レク,120.0,3142.6000000000004
滋賀県,都市型観光,33.0,2049.8999999999996
滋賀県,イベント,32.0,962.9000000000001
京都府,自然,14.0,167.479
京都府,歴史・文化,76.0,15712.446
京都府,温泉・健康,18.0,683.2049999999999
京都府,スポーツ・レク,74.0,2275.9533
京都府,都市型観光,7.0,252.8
京都府,イベント,15.0,705.653
兵庫県,自然,80.0,870.4290000000001
兵庫県,歴史・文化,295.0,7755.317
兵庫県,温泉・健康,74.0,1806.84
兵庫県,スポーツ・レク,363.0,9935.151999999998
兵庫県,都市型観光,43.0,9708.093531914894
兵庫県,イベント,63.0,3473.444
奈良県,自然,25.0,1036.381
奈良県,歴史・文化,95.0,7959.394
奈良県,温泉・健康,27.0,430.342
奈良県,スポーツ・レク,23.0,607.281
奈良県,都市型観光,4.0,50.765
奈良県,イベント,12.0,787.392
和歌山県,自然,19.0,239.486
和歌山県,歴史・文化,40.0,1561.603
和歌山県,温泉・健康,12.0,238.04399999999998
和歌山県,スポーツ・レク,33.0,1553.9560000000001
和歌山県,都市型観光,6.0,216.55900000000003
和歌山県,イベント,7.0,133.395
鳥取県,自然,10.0,405.162
鳥取県,歴史・文化,36.0,839.477
鳥取県,温泉・健康,19.0,489.53999999999996
鳥取県,スポーツ・レク,27.0,274.586
鳥取県,都市型観光,17.0,1563.182
鳥取県,イベント,6.0,74.054
島根県,自然,18.0,744.868
島根県,歴史・文化,74.0,3852.993
島根県,温泉・健康,23.0,605.9649999999999
島根県,スポーツ・レク,36.0,359.994
島根県,都市型観光,11.0,424.44100000000003
島根県,イベント,9.0,474.581
岡山県,自然,18.0,218.897
岡山県,歴史・文化,106.0,1658.7620000000002
岡山県,温泉・健康,28.0,533.02
岡山県,スポーツ・レク,66.0,1754.696
岡山県,都市型観光,45.0,1233.558
岡山県,イベント,28.0,1378.6000000000001
広島県,自然,22.0,527.8253262227549
広島県,歴史・文化,90.0,3792.263011831935
広島県,温泉・健康,30.0,557.8997029620149
広島県,スポーツ・レク,97.0,2424.895815746358
広島県,都市型観光,17.0,1064.933
広島県,イベント,32.0,6022.761
山口県,自然,33.0,988.645
山口県,歴史・文化,82.0,1968.317
山口県,温泉・健康,31.0,877.152425
山口県,スポーツ・レク,67.0,1922.8704999999998
山口県,都市型観光,6.0,596.3119999999999
山口県,イベント,39.0,1646.13825
徳島県,自然,16.0,516.213
徳島県,歴史・文化,39.0,1239.055
徳島県,温泉・健康,20.0,300.415
徳島県,スポーツ・レク,32.0,909.7789999999999
徳島県,都市型観光,21.0,1028.5279999999998
徳島県,イベント,18.0,686.9490000000001
香川県,自然,9.0,311.23
香川県,歴史・文化,61.0,2505.8720000000003
香川県,温泉・健康,18.0,510.51399999999995
香川県,スポーツ・レク,52.0,2194.1760000000004
香川県,都市型観光,11.0,844.666
香川県,イベント,9.0,516.0
愛媛県,自然,44.0,718.742
愛媛県,歴史・文化,64.0,1593.1254999999999
愛媛県,温泉・健康,26.0,743.82
愛媛県,スポーツ・レク,37.0,797.0740000000001
愛媛県,都市型観光,29.0,264.858
愛媛県,イベント,16.0,516.915
福岡県,自然,42.0,1077.431
福岡県,歴史・文化,154.0,7482.7872
福岡県,温泉・健康,32.0,1043.8403
福岡県,スポーツ・レク,104.0,3060.6679999999997
福岡県,都市型観光,66.0,29255.17
福岡県,イベント,51.0,2876.526
佐賀県,自然,14.0,206.174
佐賀県,歴史・文化,32.0,1216.651
佐賀県,温泉・健康,15.0,366.327
佐賀県,スポーツ・レク,34.0,627.957
佐賀県,都市型観光,27.0,2901.2110000000002
佐賀県,イベント,9.0,1421.7120000000002
熊本県,自然,24.0,668.123
熊本県,歴史・文化,71.0,2036.341
熊本県,温泉・健康,44.0,1605.9120000000003
熊本県,スポーツ・レク,76.0,1348.105
熊本県,都市型観光,58.0,3182.092905183
熊本県,イベント,24.0,857.056
大分県,自然,37.0,499.36
大分県,歴史・文化,93.0,1974.436
大分県,温泉・健康,49.0,1253.386
大分県,スポーツ・レク,74.0,1819.046
大分県,都市型観光,16.0,290.274
大分県,イベント,19.0,860.856
宮崎県,自然,18.0,597.5598
宮崎県,歴史・文化,56.0,1817.83818
宮崎県,温泉・健康,27.0,672.069
宮崎県,スポーツ・レク,78.0,1275.796
宮崎県,都市型観光,10.0,326.924
宮崎県,イベント,18.0,742.0229999999999
北海道,自然,111.0,6683.768
北海道,歴史・文化,149.0,9653.350473276478
北海道,温泉・健康,147.0,5031.451346357691
北海道,スポーツ・レク,269.0,7357.778
北海道,都市型観光,78.0,7981.975324999999
北海道,イベント,194.0,14156.417000000001
青森県,自然,37.0,1465.0963429074948
青森県,歴史・文化,58.0,1850.1689999999999
青森県,温泉・健康,45.0,871.5129999999999
青森県,スポーツ・レク,71.0,1461.3133129814605
青森県,都市型観光,52.0,4491.302
青森県,イベント,71.0,9923.655
岩手県,自然,38.0,1518.519
岩手県,歴史・文化,65.0,1052.984
岩手県,温泉・健康,73.0,1426.81
岩手県,スポーツ・レク,53.0,656.4839999999999
岩手県,都市型観光,27.0,952.8140000000001
岩手県,イベント,60.0,2997.688
宮城県,自然,36.0,1349.937
宮城県,歴史・文化,80.0,2532.7709999999997
宮城県,温泉・健康,36.0,1423.378
宮城県,スポーツ・レク,65.0,1919.211
宮城県,都市型観光,53.0,2142.381
宮城県,イベント,61.0,5789.572
秋田県,自然,28.0,1314.932
秋田県,歴史・文化,52.0,935.965
秋田県,温泉・健康,61.0,1192.5639999999999
秋田県,スポーツ・レク,68.0,1480.387
秋田県,都市型観光,20.0,459.101
秋田県,イベント,66.0,5304.7339999999995
山形県,自然,39.0,1180.2
山形県,歴史・文化,76.0,2645.5589999999997
山形県,温泉・健康,50.0,2491.4030000000002
山形県,スポーツ・レク,68.0,1519.77
山形県,都市型観光,29.0,1130.5549999999998
山形県,イベント,19.0,1250.884
福島県,自然,45.0,1841.721
福島県,歴史・文化,80.0,2646.438
福島県,温泉・健康,48.0,1645.347
福島県,スポーツ・レク,69.0,3443.009
福島県,都市型観光,15.0,1229.7140000000002
福島県,イベント,53.0,3779.192
茨城県,自然,15.0,1543.1999999999998
茨城県,歴史・文化,52.0,2023.7
茨城県,温泉・健康,17.0,499.0
茨城県,スポーツ・レク,58.0,3079.5
茨城県,都市型観光,12.0,2024.6999999999998
茨城県,イベント,67.0,5758.4
栃木県,自然,39.0,2036.0
栃木県,歴史・文化,103.0,4793.0
栃木県,温泉・健康,32.0,2006.0
栃木県,スポーツ・レク,138.0,4825.0
栃木県,都市型観光,20.0,3022.0
栃木県,イベント,40.0,2130.0
群馬県,自然,54.0,2574.236
群馬県,歴史・文化,98.0,2353.913
群馬県,温泉・健康,79.0,3787.2219999999998
群馬県,スポーツ・レク,114.0,2562.041
群馬県,都市型観光,29.0,1495.731
群馬県,イベント,73.0,5185.772
埼玉県,自然,49.0,2842.5060000000003
埼玉県,歴史・文化,125.0,3973.4199999999996
埼玉県,温泉・健康,30.0,1337.043
埼玉県,スポーツ・レク,180.0,5685.346
埼玉県,都市型観光,51.0,17588.59763095238
埼玉県,イベント,124.0,10541.796
千葉県,自然,32.0,564.004
千葉県,歴史・文化,138.0,5153.6706
千葉県,温泉・健康,26.0,1284.792
千葉県,スポーツ・レク,290.0,18863.2195
千葉県,都市型観光,28.0,6041.812
千葉県,イベント,94.0,11533.904
東京都,自然,9.0,879.8473837377778
東京都,歴史・文化,303.0,29531.125351590395
東京都,温泉・健康,35.0,6128.047465558624
東京都,スポーツ・レク,174.0,36518.46003650698
東京都,都市型観光,93.0,202502.14943073897
東京都,イベント,132.0,16695.171623532304
神奈川県,自然,40.0,9184.366969983901
神奈川県,歴史・文化,137.0,8370.183006233723
神奈川県,温泉・健康,11.0,405.43825
神奈川県,スポーツ・レク,102.0,12144.3946
神奈川県,都市型観光,8.0,1048.884
神奈川県,イベント,90.0,12558.152
新潟県,自然,68.0,1440.445
新潟県,歴史・文化,161.0,2699.6530000000002
新潟県,温泉・健康,110.0,2422.935
新潟県,スポーツ・レク,239.0,3947.7070000000003
新潟県,都市型観光,58.0,4931.612999999999
新潟県,イベント,140.0,7591.978
富山県,自然,26.0,1125.1299
富山県,歴史・文化,76.0,1724.559
富山県,温泉・健康,20.0,473.12300000000005
富山県,スポーツ・レク,43.0,2401.0020000000004
富山県,都市型観光,8.0,1513.423
富山県,イベント,49.0,1885.4360000000001
福井県,自然,26.0,1367.1399999999999
福井県,歴史・文化,91.0,2866.8859999999995
福井県,温泉・健康,23.0,922.169
福井県,スポーツ・レク,62.0,1762.892
福井県,都市型観光,18.0,546.99
福井県,イベント,20.0,1274.227
山梨県,自然,19.0,3115.0560000000005
山梨県,歴史・文化,89.0,3429.295
山梨県,温泉・健康,61.0,1697.117
山梨県,スポーツ・レク,87.0,3272.9569999999994
山梨県,都市型観光,31.0,1434.422
山梨県,イベント,30.0,1346.3400000000001
長野県,自然,62.0,4902.461271428571
長野県,歴史・文化,78.0,4883.816
長野県,温泉・健康,79.0,4000.1826
長野県,スポーツ・レク,94.0,2457.99
長野県,都市型観光,17.0,4218.776
長野県,イベント,53.0,2904.277
岐阜県,自然,41.0,1152.3229999999999
岐阜県,歴史・文化,96.0,3947.2824
岐阜県,温泉・健康,55.0,2451.755
岐阜県,スポーツ・レク,157.0,3404.7291099999998
岐阜県,都市型観光,29.0,3137.054
岐阜県,イベント,63.0,3450.2690000000002
愛知県,自然,30.0,1428.1205983442146
愛知県,歴史・文化,142.0,8551.988
愛知県,温泉・健康,21.0,789.6450000000001
愛知県,スポーツ・レク,133.0,7899.813
愛知県,都市型観光,35.0,4720.79
愛知県,イベント,60.0,11533.446
三重県,自然,34.0,854.6967190351746
三重県,歴史・文化,72.0,3793.632
三重県,温泉・健康,27.0,1706.8466196461632
三重県,スポーツ・レク,128.0,10756.448752000091
三重県,都市型観光,23.0,924.0350000000001
三重県,イベント,30.0,2402.1960000000004
滋賀県,自然,21.0,336.0
滋賀県,歴史・文化,112.0,2505.3999999999996
滋賀県,温泉・健康,22.0,393.7
滋賀県,スポーツ・レク,120.0,3318.7000000000003
滋賀県,都市型観光,33.0,2356.6000000000004
滋賀県,イベント,33.0,1392.7
京都府,自然,14.0,167.479
京都府,歴史・文化,76.0,15712.446
京都府,温泉・健康,18.0,683.2049999999999
京都府,スポーツ・レク,74.0,2275.9533
京都府,都市型観光,7.0,252.8
京都府,イベント,15.0,705.653
兵庫県,自然,80.0,1115.855
兵庫県,歴史・文化,295.0,7578.195
兵庫県,温泉・健康,74.0,2126.484
兵庫県,スポーツ・レク,363.0,11362.874
兵庫県,都市型観光,43.0,10520.655
兵庫県,イベント,69.0,4530.583
奈良県,自然,25.0,880.512
奈良県,歴史・文化,95.0,5208.259
奈良県,温泉・健康,27.0,547.2449999999999
奈良県,スポーツ・レク,23.0,510.53700000000003
奈良県,都市型観光,4.0,42.221999999999994
奈良県,イベント,18.0,1548.764
和歌山県,自然,20.0,251.602
和歌山県,歴史・文化,41.0,1557.233
和歌山県,温泉・健康,13.0,297.24800000000005
和歌山県,スポーツ・レク,33.0,2507.181
和歌山県,都市型観光,6.0,259.331
和歌山県,イベント,17.0,931.5
鳥取県,自然,10.0,435.534
鳥取県,歴史・文化,36.0,900.482
鳥取県,温泉・健康,19.0,566.1859999999999
鳥取県,スポーツ・レク,27.0,333.16
鳥取県,都市型観光,17.0,1822.943
鳥取県,イベント,5.0,86.0
島根県,自然,18.0,761.314
島根県,歴史・文化,74.0,3658.742
島根県,温泉・健康,23.0,609.003
島根県,スポーツ・レク,36.0,650.225
島根県,都市型観光,11.0,445.02700000000004
島根県,イベント,13.0,934.5020000000001
岡山県,自然,18.0,210.188
岡山県,歴史・文化,106.0,1470.1125
岡山県,温泉・健康,28.0,640.161
岡山県,スポーツ・レク,66.0,1662.715
岡山県,都市型観光,45.0,1417.252
岡山県,イベント,34.0,2151.9230000000002
広島県,自然,23.0,715.7093210815899
広島県,歴史・文化,90.0,3617.6086902932984
広島県,温泉・健康,30.0,619.9799029836308
広島県,スポーツ・レク,97.0,2581.754752208979
広島県,都市型観光,17.0,1279.134
広島県,イベント,38.0,4339.43
山口県,自然,33.0,1267.47
山口県,歴史・文化,82.0,1853.965
山口県,温泉・健康,31.0,975.6069749999999
山口県,スポーツ・レク,67.0,2118.46
山口県,都市型観光,6.0,640.351
山口県,イベント,37.0,2174.797
徳島県,自然,16.0,577.424
徳島県,歴史・文化,39.0,1108.373
徳島県,温泉・健康,20.0,288.65
徳島県,スポーツ・レク,32.0,882.7740000000001
徳島県,都市型観光,21.0,1017.1189999999999
徳島県,イベント,20.0,2031.4080000000001
香川県,自然,9.0,327.94100000000003
香川県,歴史・文化,61.0,1796.133
香川県,温泉・健康,18.0,562.767
香川県,スポーツ・レク,52.0,2240.3799999999997
香川県,都市型観光,11.0,943.404
香川県,イベント,21.0,1265.0
愛媛県,自然,44.0,667.996
愛媛県,歴史・文化,64.0,1307.754
愛媛県,温泉・健康,26.0,704.014
愛媛県,スポーツ・レク,37.0,969.6210000000001
愛媛県,都市型観光,29.0,309.883
愛媛県,イベント,35.0,1727.2680000000003
福岡県,自然,42.0,1224.016
福岡県,歴史・文化,154.0,7212.34215
福岡県,温泉・健康,32.0,1010.6179999999999
福岡県,スポーツ・レク,104.0,3685.1915999999997
福岡県,都市型観光,66.0,31400.77
福岡県,イベント,45.0,3909.294
佐賀県,自然,13.0,205.118
佐賀県,歴史・文化,33.0,1100.0149999999999
佐賀県,温泉・健康,17.0,452.381
佐賀県,スポーツ・レク,41.0,613.929
佐賀県,都市型観光,27.0,2754.102
佐賀県,イベント,27.0,1269.4530000000002
熊本県,自然,24.0,731.856
熊本県,歴史・文化,71.0,1726.0520000000001
熊本県,温泉・健康,44.0,1583.1979999999999
熊本県,スポーツ・レク,76.0,1545.07
熊本県,都市型観光,58.0,3009.188907654
熊本県,イベント,46.0,2006.637
大分県,自然,37.0,528.139
大分県,歴史・文化,93.0,2305.545
大分県,温泉・健康,49.0,1332.5010000000002
大分県,スポーツ・レク,74.0,1999.5459999999998
大分県,都市型観光,16.0,258.285
大分県,イベント,32.0,1153.5749999999998
宮崎県,自然,18.0,445.97791666666666
宮崎県,歴史・文化,56.0,1539.1239650000002
宮崎県,温泉・健康,27.0,656.987
宮崎県,スポーツ・レク,78.0,1589.2510000000002
宮崎県,都市型観光,10.0,323.511
宮崎県,イベント,36.0,1595.409
鹿児島県,自然,38.0,528.376
鹿児島県,歴史・文化,66.0,1755.7250000000001
鹿児島県,温泉・健康,48.0,615.069
鹿児島県,スポーツ・レク,99.0,2338.483
鹿児島県,都市型観光,41.0,1089.196
鹿児島県,イベント,37.0,1229.1689999999999
北海道,自然,112.0,3130.58
北海道,歴史・文化,152.0,5763.07
北海道,温泉・健康,148.0,3469.18
北海道,スポーツ・レク,271.0,3962.5734999999995
北海道,都市型観光,83.0,5346.776
北海道,イベント,42.0,2838.871
青森県,自然,37.0,633.8275435618148
青森県,歴史・文化,58.0,983.749
青森県,温泉・健康,45.0,769.307
青森県,スポーツ・レク,71.0,627.0106472170322
青森県,都市型観光,52.0,3295.749
青森県,イベント,24.0,876.2679999999999
岩手県,自然,38.0,868.262
岩手県,歴史・文化,65.0,697.063
岩手県,温泉・健康,73.0,1353.41
岩手県,スポーツ・レク,53.0,446.252
岩手県,都市型観光,27.0,677.027
岩手県,イベント,38.0,1046.566
宮城県,自然,36.0,1089.817
宮城県,歴史・文化,80.0,2055.938
宮城県,温泉・健康,36.0,1663.912
宮城県,スポーツ・レク,65.0,1385.659
宮城県,都市型観光,53.0,1933.5875
宮城県,イベント,43.0,4500.612
秋田県,自然,28.0,900.2339999999999
秋田県,歴史・文化,52.0,584.444
秋田県,温泉・健康,61.0,1065.097
秋田県,スポーツ・レク,68.0,732.698
秋田県,都市型観光,20.0,339.884
秋田県,イベント,20.0,1368.669
山形県,自然,38.0,533.0
山形県,歴史・文化,77.0,1801.5
山形県,温泉・健康,48.0,2117.8999999999996
山形県,スポーツ・レク,69.0,664.552
山形県,都市型観光,32.0,955.8
山形県,イベント,6.0,648.0999999999999
福島県,自然,45.0,1866.4270000000001
福島県,歴史・文化,80.0,2050.7309999999998
福島県,温泉・健康,48.0,1547.916
福島県,スポーツ・レク,69.0,1863.514
福島県,都市型観光,15.0,965.027
福島県,イベント,26.0,869.226
茨城県,自然,15.0,2220.8999999999996
茨城県,歴史・文化,52.0,2821.0
茨城県,温泉・健康,17.0,477.9
茨城県,スポーツ・レク,58.0,2561.2
茨城県,都市型観光,12.0,2085.6
茨城県,イベント,52.0,2506.2000000000003
栃木県,自然,39.0,1954.0
栃木県,歴史・文化,103.0,5631.0
栃木県,温泉・健康,32.0,1874.0
栃木県,スポーツ・レク,138.0,3199.0
栃木県,都市型観光,20.0,2834.0
栃木県,イベント,34.0,1377.0
群馬県,自然,51.0,1847.965
群馬県,歴史・文化,85.0,2229.008
群馬県,温泉・健康,74.0,3425.727
群馬県,スポーツ・レク,111.0,2470.66
群馬県,都市型観光,29.0,1381.6280000000002
群馬県,イベント,60.0,2283.832
埼玉県,自然,49.0,2150.199
埼玉県,歴史・文化,125.0,4793.291
埼玉県,温泉・健康,30.0,1282.131
埼玉県,スポーツ・レク,180.0,4031.93
埼玉県,都市型観光,51.0,16893.43827922078
埼玉県,イベント,173.0,9413.947
千葉県,自然,32.0,295.52500000000003
千葉県,歴史・文化,138.0,5194.0380000000005
千葉県,温泉・健康,26.0,1056.779
千葉県,スポーツ・レク,290.0,16921.961499999998
千葉県,都市型観光,28.0,5602.72
千葉県,イベント,86.0,5059.098999999999
東京都,自然,9.0,1205.6988269079902
東京都,歴史・文化,303.0,18544.23767360566
東京都,温泉・健康,35.0,7502.139072575492
東京都,スポーツ・レク,174.0,35564.30365900455
東京都,都市型観光,93.0,207592.2568898454
東京都,イベント,131.0,17598.47590878569
神奈川県,自然,40.0,6218.919219000312
神奈川県,歴史・文化,137.0,8235.554119900384
神奈川県,温泉・健康,11.0,339.67094999999995
神奈川県,スポーツ・レク,102.0,9864.742924999999
神奈川県,都市型観光,8.0,982.923
神奈川県,イベント,58.0,2718.537
新潟県,自然,68.0,1179.661
新潟県,歴史・文化,161.0,2231.498
新潟県,温泉・健康,110.0,2214.624
新潟県,スポーツ・レク,239.0,2035.2920000000001
新潟県,都市型観光,58.0,4323.472
新潟県,イベント,83.0,2012.895
富山県,自然,26.0,531.6551499999999
富山県,歴史・文化,76.0,1507.32
富山県,温泉・健康,20.0,473.91599999999994
富山県,スポーツ・レク,43.0,1477.8310000000001
富山県,都市型観光,8.0,1498.552
富山県,イベント,23.0,739.9530000000001
福井県,自然,26.0,1258.3719999999998
福井県,歴史・文化,91.0,2139.514
福井県,温泉・健康,23.0,572.2349999999999
福井県,スポーツ・レク,62.0,980.3519999999999
福井県,都市型観光,18.0,646.4770000000001
福井県,イベント,13.0,344.634
山梨県,自然,19.0,1814.0729999999999
山梨県,歴史・文化,89.0,2172.4584
山梨県,温泉・健康,61.0,1270.231
山梨県,スポーツ・レク,87.0,2135.828
山梨県,都市型観光,31.0,979.058
山梨県,イベント,21.0,707.474
長野県,自然,62.0,1386.102
長野県,歴史・文化,78.0,3846.9139999999998
長野県,温泉・健康,79.0,3354.0536
長野県,スポーツ・レク,94.0,1791.442
長野県,都市型観光,17.0,2729.474
長野県,イベント,24.0,1448.4909999999998
岐阜県,自然,41.0,632.9250000000001
岐阜県,歴史・文化,96.0,4275.58
岐阜県,温泉・健康,55.0,2261.576
岐阜県,スポーツ・レク,157.0,2966.2212099999997
岐阜県,都市型観光,29.0,2779.0910000000003
岐阜県,イベント,70.0,2900.069
愛知県,自然,30.0,1098.1462630616008
愛知県,歴史・文化,142.0,7860.329
愛知県,温泉・健康,21.0,774.156
愛知県,スポーツ・レク,133.0,5810.174999999999
愛知県,都市型観光,35.0,4365.5830000000005
愛知県,イベント,61.0,3830.779
三重県,自然,34.0,460.68537211290874
三重県,歴史・文化,72.0,3804.255
三重県,温泉・健康,27.0,1582.1320748242429
三重県,スポーツ・レク,128.0,9046.265776156019
三重県,都市型観光,23.0,1039.568
三重県,イベント,27.0,1176.6879999999999
滋賀県,自然,21.0,187.3
滋賀県,歴史・文化,112.0,2833.8
滋賀県,温泉・健康,22.0,353.7
滋賀県,スポーツ・レク,120.0,2476.6000000000004
滋賀県,都市型観光,33.0,2091.1
滋賀県,イベント,27.0,721.0
京都府,自然,14.0,167.479
京都府,歴史・文化,76.0,15712.446
京都府,温泉・健康,18.0,683.205
京都府,スポーツ・レク,74.0,2275.9533
京都府,都市型観光,7.0,252.8
京都府,イベント,15.0,705.653
奈良県,自然,25.0,835.008
奈良県,歴史・文化,95.0,6297.607
奈良県,温泉・健康,27.0,377.88399999999996
奈良県,スポーツ・レク,23.0,314.15200000000004
奈良県,都市型観光,4.0,45.879
奈良県,イベント,18.0,770.82
和歌山県,自然,20.0,168.956
和歌山県,歴史・文化,41.0,1575.843
和歌山県,温泉・健康,13.0,229.16900000000004
和歌山県,スポーツ・レク,33.0,1426.748
和歌山県,都市型観光,6.0,219.427
和歌山県,イベント,15.0,379.48699999999997
鳥取県,自然,10.0,370.986
鳥取県,歴史・文化,36.0,804.395
鳥取県,温泉・健康,19.0,579.733
鳥取県,スポーツ・レク,28.0,165.475
鳥取県,都市型観光,17.0,1478.6170000000002
鳥取県,イベント,2.0,50.587
島根県,自然,18.0,526.902
島根県,歴史・文化,76.0,3370.353
島根県,温泉・健康,23.0,607.635
島根県,スポーツ・レク,36.0,277.413
島根県,都市型観光,11.0,462.43899999999996
島根県,イベント,10.0,289.993
岡山県,自然,18.0,122.108
岡山県,歴史・文化,106.0,1422.6209999999999
岡山県,温泉・健康,28.0,555.162
岡山県,スポーツ・レク,66.0,1277.7730000000001
岡山県,都市型観光,45.0,1192.216
岡山県,イベント,39.0,2231.7349999999997
広島県,自然,23.0,599.0113210201905
広島県,歴史・文化,90.0,3514.8605334538374
広島県,温泉・健康,30.0,573.8753432991616
広島県,スポーツ・レク,97.0,2279.254766608307
広島県,都市型観光,17.0,1004.735
広島県,イベント,34.0,3448.8390000000004
山口県,自然,33.0,1167.5240000000001
山口県,歴史・文化,82.0,1946.498
山口県,温泉・健康,31.0,909.5683999999999
山口県,スポーツ・レク,67.0,1579.5691500000003
山口県,都市型観光,6.0,772.441
山口県,イベント,41.0,1414.2399999999998
徳島県,自然,16.0,365.49299999999994
徳島県,歴史・文化,39.0,1029.094
徳島県,温泉・健康,20.0,281.712
徳島県,スポーツ・レク,32.0,657.193
徳島県,都市型観光,21.0,924.402
徳島県,イベント,13.0,687.617
香川県,自然,9.0,403.021
香川県,歴史・文化,61.0,1859.265
香川県,温泉・健康,18.0,520.841
香川県,スポーツ・レク,52.0,1595.65
香川県,都市型観光,11.0,887.384
香川県,イベント,9.0,284.332
愛媛県,自然,44.0,431.94
愛媛県,歴史・文化,64.0,1291.6670000000001
愛媛県,温泉・健康,26.0,710.503
愛媛県,スポーツ・レク,37.0,662.682
愛媛県,都市型観光,29.0,282.089
愛媛県,イベント,20.0,577.48
福岡県,自然,42.0,916.427
福岡県,歴史・文化,154.0,6771.64024
福岡県,温泉・健康,32.0,1046.65996
福岡県,スポーツ・レク,104.0,2832.3959999999997
福岡県,都市型観光,66.0,31066.061
福岡県,イベント,62.0,2857.4750000000004
佐賀県,自然,13.0,159.127
佐賀県,歴史・文化,33.0,1616.6549999999997
佐賀県,温泉・健康,17.0,458.90100000000007
佐賀県,スポーツ・レク,41.0,510.74800000000005
佐賀県,都市型観光,27.0,2925.202
佐賀県,イベント,22.0,2402.637
熊本県,自然,24.0,418.29900000000004
熊本県,歴史・文化,71.0,1835.461
熊本県,温泉・健康,44.0,1517.459
熊本県,スポーツ・レク,76.0,1055.772
熊本県,都市型観光,58.0,2877.688923044
熊本県,イベント,53.0,1615.2680000000003
大分県,自然,37.0,594.186
大分県,歴史・文化,93.0,2747.3740000000003
大分県,温泉・健康,49.0,1366.9180000000001
大分県,スポーツ・レク,74.0,1579.429
大分県,都市型観光,16.0,266.19100000000003
大分県,イベント,26.0,1094.2
宮崎県,自然,18.0,501.8947999999999
宮崎県,歴史・文化,56.0,1395.0208160000002
宮崎県,温泉・健康,27.0,670.148
宮崎県,スポーツ・レク,78.0,1047.597
宮崎県,都市型観光,10.0,250.666
宮崎県,イベント,34.0,772.417
